Activated neural stem cell,Astrocyte,Basket cell,Bergmann glial cell,CCK basket cell,Cajal-Retzius cell,Chandelier cell,Dorsal otocyst,Early intermediate precursor cell,Early neuroblast,Endothelial cell,Ependymal cell,Immature olfactory sensory neuron,Interneuron-selective cell,Late activated neural stem cell,Late neuroblast,Long-projecting GABAergic cell,Macrophage,Martinotti cell,Mature olfactory sensory neuron,Microglial cell,Mural cell,Neural stem cell,Neuroblast,Neuron,O cell,Olfactory ensheathing glia,Olfactory sensory neuron,Oligodendrocyte,Oligodendrocyte precursor cell,Precursor cell,Progenitor cell,Quiescent neural stem cell,Smooth muscle cell,Type I spiral ganglion neuron,Type IA spiral ganglion neuron,Type IB spiral ganglion neuron,Type IC spiral ganglion neuron,Type II spiral ganglion neuron,Ventral otocyst
Csf3,Acsl3,Cartpt,Aldh1l1,Cadps2,5330417C22Rik,Cpne5,Bmp4,Sox11,Acvr2a,Abcb1a,3300002A11Rik,Gap43,2010300C02Rik,Cdk1,Eya2,Adamts16,Abca9,Ano3,Omp,0610040J01Rik,Acta2,Apoe,Btg1,6330403K07Rik,Aspa,0610040J01Rik,Adcy3,Apod,6030443J06Rik,Neurod1,Ascl1,Aldoc,Abcc9,0610030E20Rik,1700025G04Rik,Ankrd16,6330403K07Rik,1600002K03Rik,Fbxo2
Fbxo2,Acsl6,Cox6a2,Aqp4,Ccnd3,Aatf,Dusp14,Dlx5,,Fgf10,Abcg2,Acta2,Gng8,Bcar3,Cenpf,Fzd10,Arhgdig,Aoah,Atp2b4,,Abca9,Arhgap29,Gfap,Ccnd2,Agap2,Cldn11,Adam12,Ano2,Aspa,A930009A15Rik,Neurog1,,Atp1a2,Adap2,1110017D15Rik,2510009E07Rik,Anxa5,Adam11,1700001K19Rik,Fzd8
Fxyd1,Agt,Eif5a2,Arhgef26,Cnr1,Angpt1,Errfi1,Emx2,,Fgf3,Acvrl1,Adamts20,,Celsr3,Hist1h2ap,Isl1,Arhgef15,Apoe,Capn5,,Abi3,Aspn,Slc1a3,Celf4,Ahi1,Gal3st1,Adamtsl1,Cnga2,Ccp110,Abtb2,,,Clu,Airn,1700025G04Rik,A330074K22Rik,Apex2,Adgra1,1700006F04Rik,Gli1
Gfap,Aqp4,Esrrg,Arhgef4,Col15a1,B3galt1,Fam163b,Fgfr3,,Fgf8,Apcdd1,Ak7,,Chrna4,Hmgb2,Jag2,Arl4a,Arhgap15,Cdh22,,Adap2,Bgn,Sox2,Crmp1,Arf3,Kcna1,Afap1l2,Cnga4,Cldn11,Adam12,,,Gja1,Ano1,1700030K09Rik,Actn2,Bcam,Adgrb3,1700019D03Rik,Hes1
Id3,Atp13a4,Etv6,Bmpr1b,Cryab,Bbx,Fgf13,Fst,,Hes5,Car4,Ak9,,Cpox,Top2a,Neurod1,Ass1,Bank1,Cdh7,,Aif1,Cald1,Sox9,Dbn1,Atp1a3,Kcna6,Apcdd1,Cngb1,Cntn2,Arhgap31,,,Htra1,Arhgap42,1700066M21Rik,Adamts5,Btbd9,Adprhl1,1700023F06Rik,Hey2
Thbs4,Atp1b2,Fam43a,Col23a1,Cxcl14,Bin1,Gdf10,Gata2,,Neurog1,Ccdc141,Armc3,,Dlgap3,,Neurog2,B2m,Cd84,Foxred2,,Apbb1ip,Colec12,Thrsp,Dchs1,Atp1b1,Mag,Atp1a2,Gnal,Efnb3,Bcas1,,,Mfge8,Atp13a5,2310040G24Rik,Afap1l1,Calb1,AI987944,2610001J05Rik,Lfng
,Bcan,Hadhb,Ednrb,Egln3,Cacna2d1,Gpr12,Gbx2,,Notch1,Cd93,Ccdc114,,Dok7,,,Bace2,Cfh,Hdac4,,Arsb,Cp,,Dcx,Bex2,Mobp,Bcar3,Ncam1,Enpp2,Brinp1,,,Ntm,Atp1a2,2410004B18Rik,Aldh5a1,Ccdc155,Anks1b,2900026A02Rik,Ntf3
,Cldn10,Hapln4,Emid1,Eps8,Cacna2d2,Hapln1,Inhba,,Six1,Cdh5,Ccdc146,,Egfr,,,Carhsp1,Cmah,Hopx,,Bmp2k,Crip1,,Dlx1,Camk2a,Mog,Bmp7,Neurog1,Ermn,Brinp3,,,Ntsr2,Cald1,2410131K14Rik,Alpk2,Cdh23,Antxr1,4930480K15Rik,Otol1
,Dclk1,Iqgap2,Eps15,Fam163a,Ccdc148,Hs3st4,Oc90,,,Cgnl1,Ccdc153,,Kcnh3,,,Chodl,Colec12,Hpse,,C1qa,Ecm2,,Dlx2,Camk2b,Olig1,Bnc2,Omp,Evi2a,C1ql1,,,S100b,Cobll1,3110021N24Rik,Apba2,Cfap161,Arnt2,9230102O04Rik,Otx1
,Ddhd1,Kcnj9,Fbxl7,Il4ra,Cdh4,Ibsp,Wnt2b,,,Cldn5,Ccdc162,,Lrrc3b,,,Clic1,Csf1r,Il34,,C1qb,Filip1l,,Dlx5,Camk2n1,Sox10,Col23a1,,Fa2h,Cacng4,,,Sox9,Col4a1,4930506C21Rik,Arc,Col19a1,Arpp21,9430038I01Rik,Otx2
,Ednrb,Mitf,Fgfr1,Jam2,Cdyl,Ier2,Wnt7a,,,Clic5,Ccdc170,,Miat,,,Cnih3,Ctsb,Kcnk13,,C1qc,Gja4,,Dlx6,Celf4,,Col27a1,,Galnt6,Cdo1,,,,Col4a2,4931428F04Rik,Arhgap19,Cx3cl1,Atp11a,9430091E24Rik,Pax2
,Entpd2,Moxd1,Gli2,Kcnf1,Cep112,Krt12,Wnt7b,,,Ctla2a,Ccdc60,,Npy2r,,,Col11a1,Dab2,Lama4,,Ccr5,Gjc1,,Foxc1,Chd3,,Col5a2,,Gjb1,Chst11,,,,Dlc1,5031439G07Rik,Arhgap20,Edil3,B4galt4,A430035B10Rik,Sox2
,Eva1a,Nefh,Gli3,Larp1b,Clstn2,L2hgdh,,,,Cxcl12,Clu,,Nr2e1,,,Cort,Dclre1c,Lipa,,Cd14,Gm13861,,Fxyd6,Cnih2,,Cpne8,,Gjc2,Cntn1,,,,Dock6,6330409D20Rik,Arhgap22,Eno1,BC030500,Abcb1a,Trpm3
,Fgfr3,Nog,Gm3764,Ldb2,Cntnap2,Mctp2,,,,Cyyr1,Daw1,,Ostf1,,,Ctxn2,Ddx60,Rasl11a,,Cd37,Higd1b,,Meis2,Cplx2,,Fabp7,,Gjc3,Cspg4,,,,Ednra,6430548M08Rik,Arhgdig,Ezr,Bhlhe22,Abhd2,
,Fjx1,Nxph2,Gpm6b,Mxd1,Cobll1,Nanp,,,,Egfl7,Dnah10,,Ptms,,,D430019H16Rik,Dock2,Reln,,Cd53,Hspb1,,Olfm1,Ctxn1,,Fat1,,Gpr37,Dock1,,,,Egflam,9530082P21Rik,Arhgef3,Fbxo27,Boc,Abhd4,
,Fut9,Prss23,Greb1l,Pde7b,Dach1,Necab2,,,,Emcn,Dnah11,,Rasd2,,,Dbpht2,Dock8,Sgcd,,Cd68,Ifitm1,,Pfn2,Dynll2,,Foxo1,,Grb14,Dscam,,,,Epas1,A230056P14Rik,Asap2,H2-K1,Cacna1e,Acadl,
,Fzd2,Slit2,Grid2,Pnoc,Diablo,Pde3a,,,,Eng,Dnah12,,Rgs16,,,Dpy19l1,Ehd4,Sirt4,,Csf1r,Ifitm2,,Pou3f3,Fbxl16,,Frzb,,Gsn,Emid1,,,,Ets1,A530058N18Rik,B3gat1,Hcrtr2,Cacng5,Actn2,
,Gja1,Slit3,Gsap,Ramp1,Dscaml1,Pdlim3,,,,Epas1,Dnah3,,Rprm,,,Egfl7,F13a1,Slc30a3,,Ctsb,Ifitm3,,Sox5,Gap43,,Gm10863,,Hapln2,Enpp2,,,,Gjc1,A930006K02Rik,Bag3,Htr2c,Camk1d,Acvr2a,
,Gjb6,St6galnac5,Lrig1,Scyl2,Dync1i1,Peli1,,,,Erg,Dnah5,,Sema5b,,,Fndc1,Fli1,Snx8,,Ctss,Igf2,,Stmn2,Gng13,,Grin3a,,Josd2,Epn2,,,,Igfbp7,Aar2,Bves,Ifit1,Car13,Adam17,
,Gm3764,Syt2,Luzp2,Sh3bp4,Ebf3,Pthlh,,,,Esam,Dnah6,,Slc12a4,,,Gabra2,Fyb,Timp3,,Cx3cr1,Igfbp7,,,Hap1,,Gsap,,Lgi3,Fchsd2,,,,Itga1,Aars2,Cachd1,Kcnd2,Ccdc162,Adam19,
,Gm9925,Tac1,Mcc,Slc25a29,Emx2os,Pygm,,,,Ets1,Efhb,,St3gal1,,,Gabrg1,Gas6,Unc13c,,Cyth4,Kcnj8,,,Hpcal4,,Igf1,,Lpar1,G0s2,,,,Itih5,Abca2,Cacna1b,Kcnmb2,Cckar,Adamtsl5,
,Gpld1,Vamp1,Megf10,Sntb1,Epha3,Ramp3,,,,Fli1,Enkur,,Tpbg,,,Gpr88,Hpgds,Zdhhc18,,Dock2,Lmod1,,,Kif5a,,Lama4,,Mag,Gjc3,,,,Lama2,Abca3,Cacna1h,Kcnq1,Cd164l2,Adarb2,
,Gpr37l1,,Meis1,Sp8,Fat3,Rasgrp1,,,,Flt1,Fhad1,,Unc5a,,,Hey1,Ikzf1,,,Dock8,Map3k7cl,,,Kif5c,,Lamc1,,Mal,Gm10530,,,,Lama4,Abcb7,Cacna2d1,Lgals1,Cdh4,Adcy2,
,Gria2,,Nhsl1,Tac2,Fmn1,Tgfb3,,,,Fn1,Foxj1,,Wscd2,,,Htr1a,Inpp5d,,,Entpd1,Mgp,,,Ly6h,,Lef1,,Mbp,Gm4876,,,,Lamb1,Abcc8,Cacna2d2,Lrrc52,Cdh8,Adgrb1,
,Htra1,,Npas3,Unk,Fndc3b,Thbs1,,,,Foxq1,Gja1,,,,,Kcnmb4,Lgmn,,,Fcer1g,Myh11,,,Map1a,,Lhfp,,Mog,Gpr17,,,,Mrvi1,Abcd2,Calb2,Lrrc7,Chst9,Adm,
,Id4,,Nwd1,Usp53,Frmd4b,Trps1,,,,Fzd6,Gm973,,,,,Ndrg1,Lyn,,,Fcgr3,Myl9,,,Map1b,,Lrig1,,Ndrg1,Gria3,,,,Myh9,Abcg4,Car2,Lypd6,Cit,Aff3,
,Lfng,,Paqr8,,Gfra1,Unc5b,,,,Hmcn1,Hydin,,,,,Ndst4,Maf,,,Fcrls,Mylk,,,Map2,,Mxi1,,Olig1,Gria4,,,,Myo1b,Abt1,Carhsp1,Mgat5b,Clec18a,Agpat3,
,Mfge8,,Pax3,,Gpc1,Vcan,,,,Hspb1,Iqck,,,,,Nnat,Mrc1,,,Fli1,Myo1b,,,Myt1l,,Mybpc1,,Opalin,Itpr2,,,,Nid1,Acaa1a,Cd24a,Pls3,Clrn1,Agpat4,
,Nkain4,,Pcx,,Kcnb2,,,,,Hspg2,Kif6,,,,,Nos1,P2rx7,,,Fyb,Nbl1,,,Ncdn,,Notch2,,Pdlim2,Kank1,,,,Notch3,Acp1,Cd63,Ppfibp2,Cplx2,Agtrap,
,Ntsr2,,Pde3a,,Kcnc2,,,,,Ifitm3,Kif9,,,,,Nptx1,P2ry12,,,Gpr34,Ndufa4l2,,,Nefl,,Pde4b,,Pex5l,Kcnip3,,,,Pald1,Adamts3,Cdh22,Ppm1d,Cpne6,AI413582,
,Paqr7,,Pdzrn3,,Kcnh7,,,,,Igfbp7,Lrguk,,,,,Ntn1,Pik3ap1,,,Hexb,P2ry14,,,Nrgn,,Phldb2,,Plekhh1,Kif13a,,,,Pde5a,Adamts5,Cdk15,Rasgrp2,Crim1,Akap13,
,Pla2g7,,Pla2g7,,Maml3,,,,,Itga1,Lrriq1,,,,,Opn3,Pnpla7,,,Hpgd,Pcolce,,,Nrsn1,,Plce1,,Pllp,Lrrn1,,,,Pde8b,Adap1,Chrna1,Rbm20,Crtac1,Alcam,
,Plcd4,,Plce1,,Msi2,,,,,Itga4,Mia,,,,,Oxtr,Rbm47,,,Hpgds,Pdgfrb,,,Pcp4,,Plp1,,Plp1,Matn4,,,,Pdgfrb,Add2,Chrna4,Runx1,Cyp1b1,Aldoart2,
,S1pr1,,Prex1,,Ndnf,,,,,Itm2a,Nek11,,,,,Patl2,Rbpj,,,Ikzf1,Perp,,,Pcsk1n,,Prima1,,Pls1,Megf11,,,,Phldb2,Add3,Cldn23,Ryr3,Cyth3,Alkbh1,
,Sdc4,,Prex2,,Nrg1,,,,,Kank3,Rarres2,,,,,Pnma3,Rreb1,,,Il6ra,Phldb2,,,Rab3c,,Ptn,,Ppp1r14a,Mmp16,,,,Plce1,Adprh,Cln8,Sdc4,Dach1,Alkbh2,
,Slc27a1,,Rfx4,,Pdzd2,,,,,Kdr,Rgs22,,,,,Pou3f2,Runx1,,,Inpp5d,Pln,,,Rasgef1a,,Ptpn13,,Ptgds,Myt1,,,,Rapgef5,Adra1d,Cmtm4,Sema3d,Dcbld2,Ano2,
,Slc39a12,,Rgma,,Plekha7,,,,,Kitl,S100b,,,,,Prex1,Sirpa,,,Irf8,Rbpms,,,Rph3a,,Ror1,,S1pr5,Nav1,,,,Rbpms,Adssl1,Col4a2,Sema3e,Dcc,Antxr2,
,Slc4a4,,Sfxn5,,Pou6f2,,,,,Klf2,Sox9,,,,,Ptn,Slc9a9,,,Itgam,Rgs4,,,Rtn1,,Rreb1,,Slc12a2,Neu4,,,,Rgs5,Afap1l1,Cpxm1,Sestd1,Dennd2c,Apaf1,
,Slc6a1,,Sh3pxd2b,,Rbms1,,,,,Lama4,Spag16,,,,,Ptpru,Snx2,,,Itgb5,Rgs5,,,S100b,,Sash1,,Smco3,Nova1,,,,Slc16a12,Agl,Creg2,Slc29a3,Diras2,Apobec1,
,Slc6a11,,Shroom3,,Reln,,,,,Lsr,Spag17,,,,,Rasgef1b,Stab1,,,Lair1,S1pr3,,,Scg2,,Slc27a1,,Sox10,Nxph1,,,,Slc38a11,Agtpbp1,Csf1,Spats2l,Drd1,Arap2,
,Slc7a10,,Slc1a3,,Robo2,,,,,Ly6a,Spata17,,,,,Rbp1,Stard8,,,Laptm5,Serping1,,,Sez6,,Smoc1,,Stmn4,Olig1,,,,Slc6a20a,Ahcyl2,Cyp2s1,Spry3,Dusp6,Arhgap27,
,Slc7a11,,Slc4a4,,Slc22a15,,,,,Ly6c1,Spef2,,,,,S100a10,Tbxas1,,,Lcp2,Slc19a1,,,Snap25,,Sntb1,,Tmeff2,Olig2,,,,Sntb1,AI593442,Cyp46a1,Tmem196,Egflam,Arhgap27os3,
,Sox9,,Sned1,,Slc2a13,,,,,Ly6c2,Tm4sf1,,,,,Sc5d,Tgfbr2,,,Lgmn,Slc38a11,,,Snrpn,,Spata13,,Tmem125,Pcdh11x,,,,Stard8,AI854703,Cys1,Tmprss4,Ehbp1l1,Arhgap36,
,Tlcd1,,Sparcl1,,Smad1,,,,,Ly75,Tmem212,,,,,Sfrp1,Tnfaip8,,,Lpcat2,Slc6a20a,,,Stmn2,,St5,,Tmem151a,Pcdh15,,,,Tns1,Aifm3,Dclk1,Tpbgl,Elfn2,Arhgap39,
,Tril,,Stk32a,,Thsd7b,,,,,Mecom,Tmem232,,,,,Slc5a5,Tnfrsf11a,,,Ltc4s,Tagln,,,Stmn3,,St6gal1,,Tmem88b,Pde7b,,,,Trpc3,Ak1,Dera,Trmt61a,Elmod1,Arhgef28,
,Trim9,,Tcf7l1,,Tmem163,,,,,Mfsd2a,Ttc21a,,,,,Slc5a7,Unc93b1,,,Ly86,Tm4sf1,,,Syt1,,Stard13,,Tnfaip6,Pdgfra,,,,Uaca,Aldh1a3,Dlgap2,Ttn,Emb,Arnt2,
,Vegfa,,Tnc,,Tmem200a,,,,,Nos3,Ttc29,,,,,Slc7a3,Wdfy4,,,Lyn,Tpm2,,,Ttc3,,Tnfrsf19,,Trf,Phlda1,,,,Vstm4,Aldoc,Dnah10,Ubxn2b,Epb41l4a,Arpc5,
,,,Usp6nl,,Trp73,,,,,Nostrin,Ttll8,,,,,Sst,Zfp710,,,Mafb,Vtn,,,Unc13c,,Usp54,,Trim59,Pid1,,,,,Amer2,Dock4,Wscd1,Espn,Asap3,
,,,Vcan,,Utrn,,,,,Palmd,Vwa3a,,,,,St6galnac2,,,,Mertk,Zic1,,,,,Yap1,,Tspan2,Pllp,,,,,Amigo3,Dok5,Zadh2,Esr2,Asb1,
,,,,,,,,,,Paqr5,Wdr63,,,,,Sv2b,,,,Mpeg1,,,,,,Zbtb7c,,Ttll7,Ppfibp1,,,,,Amph,Dpy19l1,,Eva1c,Ascl2,
,,,,,,,,,,Pcp4l1,Zbbx,,,,,Tppp3,,,,Myo1f,,,,,,,,Tubb4a,Ppp2r2b,,,,,Angel1,Elovl5,,Faim2,Asl,
,,,,,,,,,,Pecam1,,,,,,Tspan17,,,,Ncf1,,,,,,,,Ugt8a,Ptpre,,,,,Ank1,Ephx4,,Fam3c,Asphd2,
,,,,,,,,,,Pglyrp1,,,,,,Wnt2,,,,Nckap1l,,,,,,,,,Ptprz1,,,,,Ank3,Erich1,,Fam43b,Ass1,
,,,,,,,,,,Pltp,,,,,,Wwc1,,,,Olfml3,,,,,,,,,Qpct,,,,,Ankdd1b,F11r,,Fanca,Astn2,
,,,,,,,,,,Podxl,,,,,,,,,,P2ry12,,,,,,,,,Rap1gap,,,,,Ankrd33b,F2r,,Fgf5,Atg16l2,
,,,,,,,,,,Ptprb,,,,,,,,,,P2ry13,,,,,,,,,Rlbp1,,,,,Ankrd34a,F730043M19Rik,,Fkbp11,Atp2b4,
,,,,,,,,,,Ramp2,,,,,,,,,,Pik3ap1,,,,,,,,,Sema3d,,,,,Ankrd34b,Fam219aos,,Fkbp9,B230216N24Rik,
,,,,,,,,,,Rasgrp3,,,,,,,,,,Pld4,,,,,,,,,Sema5a,,,,,Ankrd55,Fam78b,,Fmn1,Baalc,
,,,,,,,,,,Rassf9,,,,,,,,,,Pros1,,,,,,,,,Sema5b,,,,,Ankrd9,Fbxo40,,Fscn2,Bean1,
,,,,,,,,,,Rbpms,,,,,,,,,,Ptgs1,,,,,,,,,Serpine2,,,,,Ano4,Fkbp5,,Fut8,Bex1,
,,,,,,,,,,Rgs5,,,,,,,,,,Ptprc,,,,,,,,,Sh3bp4,,,,,Ap5s1,Fmnl1,,Gab1,Bex4,
,,,,,,,,,,Rhoj,,,,,,,,,,Rasgrp3,,,,,,,,,Sh3d19,,,,,Apbb2,Frat1,,Galk2,Bgn,
,,,,,,,,,,Sema3c,,,,,,,,,,Rnase4,,,,,,,,,Slc1a1,,,,,Apc,Frat2,,Galnt13,Bmp7,
,,,,,,,,,,Sgms1,,,,,,,,,,Rreb1,,,,,,,,,Slc35f1,,,,,Aph1a,Frmd5,,Galnt14,Bmpr1a,
,,,,,,,,,,Slc16a1,,,,,,,,,,Runx1,,,,,,,,,Slc9a9,,,,,Apoo,Ghr,,Galntl6,Cabin1,
,,,,,,,,,,Slc22a8,,,,,,,,,,Selplg,,,,,,,,,Snx22,,,,,Aptx,Gm12992,,Ggact,Cachd1,
,,,,,,,,,,Slc2a1,,,,,,,,,,Serinc3,,,,,,,,,Snx25,,,,,Arfgef1,Gnao1,,Glce,Cacna1e,
,,,,,,,,,,Slc40a1,,,,,,,,,,Siglech,,,,,,,,,Sox10,,,,,Arhgap31,Golga7b,,Gldn,Cacna2d1,
,,,,,,,,,,Slc7a1,,,,,,,,,,Sirpa,,,,,,,,,Sox2ot,,,,,Arhgef17,Gpr37,,Glis1,Cacna2d2,
,,,,,,,,,,Slc7a5,,,,,,,,,,Skap2,,,,,,,,,Sox6,,,,,Arhgef6,Gxylt2,,Gm19557,Cacng5,
,,,,,,,,,,Slc9a3r2,,,,,,,,,,Slco2b1,,,,,,,,,Spon1,,,,,Arhgef9,Hcn3,,Gm20063,Camk1g,
,,,,,,,,,,Slco1a4,,,,,,,,,,Tbxas1,,,,,,,,,Sulf2,,,,,Arl4c,Hmox1,,Gpr155,Capn5,
,,,,,,,,,,Slco1c1,,,,,,,,,,Tgfbr1,,,,,,,,,Susd5,,,,,Arl6ip4,Hpcal1,,Gpx8,Cblb,
,,,,,,,,,,Slco2b1,,,,,,,,,,Tgfbr2,,,,,,,,,Tmem132d,,,,,Arl8a,Hydin,,Grm8,Cbx4,
,,,,,,,,,,Sox17,,,,,,,,,,Tmem119,,,,,,,,,Tmem255b,,,,,Armc1,Igfbp3,,Grxcr2,Ccdc112,
,,,,,,,,,,Sparc,,,,,,,,,,Trem2,,,,,,,,,Tnr,,,,,Asah2,Igtp,,Gstp1,Ccdc167,
,,,,,,,,,,Srgn,,,,,,,,,,Tyrobp,,,,,,,,,Tns3,,,,,Asb13,Irgm2,,Hap1,Ccdc22,
,,,,,,,,,,St3gal6,,,,,,,,,,Unc93b1,,,,,,,,,Tox,,,,,Asb8,Isoc1,,Hmcn1,Ccdc28b,
,,,,,,,,,,Tek,,,,,,,,,,Vav1,,,,,,,,,Tpm1,,,,,Atf4,Kcnip4,,Hopx,Ccdc77,
,,,,,,,,,,Tm4sf1,,,,,,,,,,Zfp710,,,,,,,,,Traf4,,,,,Atf6b,Kcnk12,,Hrh3,Cd200,
,,,,,,,,,,Vwf,,,,,,,,,,,,,,,,,,,Tspan6,,,,,Atg101,Kremen1,,Islr2,Cd47,
,,,,,,,,,,Wfdc1,,,,,,,,,,,,,,,,,,,Usp24,,,,,Atg16l1,Ksr1,,Kcnc2,Cd63,
,,,,,,,,,,Wwtr1,,,,,,,,,,,,,,,,,,,Vcan,,,,,Atg2b,L3hypdh,,Kcnip1,Cd74,
,,,,,,,,,,Zfp366,,,,,,,,,,,,,,,,,,,Wipf1,,,,,Atg4d,Lcp2,,Kcnip2,Ces2g,
,,,,,,,,,,,,,,,,,,,,,,,,,,,,,Xylt1,,,,,Atm,Lmcd1,,Kcnj9,Cflar,
,,,,,,,,,,,,,,,,,,,,,,,,,,,,,Zeb1,,,,,Atp13a2,Lrfn2,,Kcnk3,Chd3,
,,,,,,,,,,,,,,,,,,,,,,,,,,,,,,,,,,Atp2b3,Lrrc4c,,Khdrbs2,Chmp1a,
,,,,,,,,,,,,,,,,,,,,,,,,,,,,,,,,,,Atp6v1g2,Lsm11,,Kif26b,Chn2,
,,,,,,,,,,,,,,,,,,,,,,,,,,,,,,,,,,Atp8b2,Maf,,Krt28,Chtop,
,,,,,,,,,,,,,,,,,,,,,,,,,,,,,,,,,,Atxn1,Mapk4,,Ldha,Cilp,
,,,,,,,,,,,,,,,,,,,,,,,,,,,,,,,,,,Atxn2,Mbd2,,Lemd1,Ckap4,
,,,,,,,,,,,,,,,,,,,,,,,,,,,,,,,,,,Atxn7l3,Mdga1,,Lgi1,Clcn1,
,,,,,,,,,,,,,,,,,,,,,,,,,,,,,,,,,,AU022252,Me1,,Lgr5,Cldn9,
,,,,,,,,,,,,,,,,,,,,,,,,,,,,,,,,,,Auh,Mical1,,Lrrcc1,Clic1,
,,,,,,,,,,,,,,,,,,,,,,,,,,,,,,,,,,Auts2,Mturn,,Lrrk2,Clint1,
,,,,,,,,,,,,,,,,,,,,,,,,,,,,,,,,,,Avpi1,Myl1,,Luzp2,Cmtm4,
,,,,,,,,,,,,,,,,,,,,,,,,,,,,,,,,,,Azi2,Myo1e,,Lypd1,Cnksr2,
,,,,,,,,,,,,,,,,,,,,,,,,,,,,,,,,,,Azin1,N4bp3,,Magi1,Cnot8,
,,,,,,,,,,,,,,,,,,,,,,,,,,,,,,,,,,B3galt1,Naip2,,Mcm6,Cntnap5b,
,,,,,,,,,,,,,,,,,,,,,,,,,,,,,,,,,,B3galt2,Naip5,,Mef2c,Col28a1,
,,,,,,,,,,,,,,,,,,,,,,,,,,,,,,,,,,B3gat1,Nde1,,Mgat4c,Commd7,
,,,,,,,,,,,,,,,,,,,,,,,,,,,,,,,,,,B3gnt2,Nfib,,Mknk1,Cpne1,
,,,,,,,,,,,,,,,,,,,,,,,,,,,,,,,,,,B4galnt1,Nfkbiz,,Mrps6,Cpne8,
,,,,,,,,,,,,,,,,,,,,,,,,,,,,,,,,,,B4galt6,Nhsl1,,Mstn,Cpsf3,
,,,,,,,,,,,,,,,,,,,,,,,,,,,,,,,,,,B4galt7,Nhsl2,,Myo1h,Crabp1,
,,,,,,,,,,,,,,,,,,,,,,,,,,,,,,,,,,B9d2,Nr3c1,,Myom3,Crip2,
,,,,,,,,,,,,,,,,,,,,,,,,,,,,,,,,,,Bcan,Nrcam,,Nalcn,Crispld1,
,,,,,,,,,,,,,,,,,,,,,,,,,,,,,,,,,,Bcar3,Nrde2,,Ncald,Crtac1,
,,,,,,,,,,,,,,,,,,,,,,,,,,,,,,,,,,Bcat1,Obscn,,Ndst3,Csf1r,
,,,,,,,,,,,,,,,,,,,,,,,,,,,,,,,,,,Bckdhb,Olfml2b,,Ndst4,Csrp1,
,,,,,,,,,,,,,,,,,,,,,,,,,,,,,,,,,,Bend6,Pag1,,Negr1,Ctc1,
,,,,,,,,,,,,,,,,,,,,,,,,,,,,,,,,,,Best3,Palmd,,Neurod1,Cthrc1,
,,,,,,,,,,,,,,,,,,,,,,,,,,,,,,,,,,Bfar,Parm1,,Nmrk1,Ctnna1,
,,,,,,,,,,,,,,,,,,,,,,,,,,,,,,,,,,Bhlhe40,Parp9,,Nrp1,Cux2,
,,,,,,,,,,,,,,,,,,,,,,,,,,,,,,,,,,Bin1,Paxbp1,,Ntng1,Cwc22,
,,,,,,,,,,,,,,,,,,,,,,,,,,,,,,,,,,Bola3,Pcdh20,,P3h4,Cyb5a,
,,,,,,,,,,,,,,,,,,,,,,,,,,,,,,,,,,Borcs6,Pced1b,,Parva,Cyp39a1,
,,,,,,,,,,,,,,,,,,,,,,,,,,,,,,,,,,Brms1l,Pde3b,,Pcbd1,D030028A08Rik,
,,,,,,,,,,,,,,,,,,,,,,,,,,,,,,,,,,Brsk1,Plekhh1,,Pcdh9,Defb47,
,,,,,,,,,,,,,,,,,,,,,,,,,,,,,,,,,,Brsk2,Plekho1,,Pcp4l1,Dgkh,
,,,,,,,,,,,,,,,,,,,,,,,,,,,,,,,,,,Btg1,Plin2,,Pcsk2,Dlg5,
,,,,,,,,,,,,,,,,,,,,,,,,,,,,,,,,,,C530008M17Rik,Pofut1,,Pcsk2os1,Dmd,
,,,,,,,,,,,,,,,,,,,,,,,,,,,,,,,,,,Cables2,Por,,Pcsk5,Dnph1,
,,,,,,,,,,,,,,,,,,,,,,,,,,,,,,,,,,Cabp1,Ptprd,,Pirt,Dok6,
,,,,,,,,,,,,,,,,,,,,,,,,,,,,,,,,,,Cacng2,Pygl,,Plcd4,Dok7,
,,,,,,,,,,,,,,,,,,,,,,,,,,,,,,,,,,Cadm1,Pygm,,Plce1,Donson,
,,,,,,,,,,,,,,,,,,,,,,,,,,,,,,,,,,Calb1,Qk,,Plcxd2,Dpysl3,
,,,,,,,,,,,,,,,,,,,,,,,,,,,,,,,,,,Calb2,Rasd1,,Plod2,Dubr,
,,,,,,,,,,,,,,,,,,,,,,,,,,,,,,,,,,Camk1d,Rassf6,,Plxna2,Dupd1,
,,,,,,,,,,,,,,,,,,,,,,,,,,,,,,,,,,Camk2b,Rassf8,,Pnck,Dusp11,
,,,,,,,,,,,,,,,,,,,,,,,,,,,,,,,,,,Camk2g,Rgs6,,Pou4f1,E230016M11Rik,
,,,,,,,,,,,,,,,,,,,,,,,,,,,,,,,,,,Camsap1,Rhou,,Ppp1r3b,Ebf4,
,,,,,,,,,,,,,,,,,,,,,,,,,,,,,,,,,,Cap2,Rilpl1,,Prkar2b,Edaradd,
,,,,,,,,,,,,,,,,,,,,,,,,,,,,,,,,,,Capn2,Rin2,,Prr15,Eef2kmt,
,,,,,,,,,,,,,,,,,,,,,,,,,,,,,,,,,,Car12,Rpp25,,Prrt2,Efemp2,
,,,,,,,,,,,,,,,,,,,,,,,,,,,,,,,,,,Car2,Rsph3b,,Ptk7,Efna5,
,,,,,,,,,,,,,,,,,,,,,,,,,,,,,,,,,,Car7,Rxrg,,Rab15,Efnb1,
,,,,,,,,,,,,,,,,,,,,,,,,,,,,,,,,,,Cars,Sash1,,Rasgrf1,Efs,
,,,,,,,,,,,,,,,,,,,,,,,,,,,,,,,,,,Caskin1,Sema4g,,Rbfox3,Egfl7,
,,,,,,,,,,,,,,,,,,,,,,,,,,,,,,,,,,Cast,Sertm1,,Rgs10,Elovl1,
,,,,,,,,,,,,,,,,,,,,,,,,,,,,,,,,,,Casz1,Sh3bgr,,Rgs12,Elp4,
,,,,,,,,,,,,,,,,,,,,,,,,,,,,,,,,,,Cat,Sh3bgrl,,Rhbdl1,Eml1,
,,,,,,,,,,,,,,,,,,,,,,,,,,,,,,,,,,Cc2d2a,Slc15a5,,Rnd2,Eml6,
,,,,,,,,,,,,,,,,,,,,,,,,,,,,,,,,,,Ccbe1,Slc25a13,,Rnf219,Epb41,
,,,,,,,,,,,,,,,,,,,,,,,,,,,,,,,,,,Ccdc136,Slc7a2,,Robo1,Epb41l4a,
,,,,,,,,,,,,,,,,,,,,,,,,,,,,,,,,,,Ccdc155,Slc7a8,,Robo2,Epha8,
,,,,,,,,,,,,,,,,,,,,,,,,,,,,,,,,,,Ccdc184,Smim3,,Rph3a,Ephb2,
,,,,,,,,,,,,,,,,,,,,,,,,,,,,,,,,,,Ccdc28a,Snhg4,,Runx1t1,Epn2,
,,,,,,,,,,,,,,,,,,,,,,,,,,,,,,,,,,Ccdc88a,Snta1,,Samd11,Eps15,
,,,,,,,,,,,,,,,,,,,,,,,,,,,,,,,,,,Ccdc90b,Sntb2,,Satb1,Erc1,
,,,,,,,,,,,,,,,,,,,,,,,,,,,,,,,,,,Cd302,Sox12,,Scn2b,Erlin2,
,,,,,,,,,,,,,,,,,,,,,,,,,,,,,,,,,,Cd59a,Spred2,,Sema3a,Ezr,
,,,,,,,,,,,,,,,,,,,,,,,,,,,,,,,,,,Cdadc1,Syndig1,,Sema3f,F11r,
,,,,,,,,,,,,,,,,,,,,,,,,,,,,,,,,,,Cdc37l1,Syngr1,,Sema4d,F2r,
,,,,,,,,,,,,,,,,,,,,,,,,,,,,,,,,,,Cdc42ep3,Tanc1,,Serp2,Fam117a,
,,,,,,,,,,,,,,,,,,,,,,,,,,,,,,,,,,Cdh18,Tbc1d16,,Sh2d7,Fam178b,
,,,,,,,,,,,,,,,,,,,,,,,,,,,,,,,,,,Cdh9,Tec,,Slc17a6,Fam20a,
,,,,,,,,,,,,,,,,,,,,,,,,,,,,,,,,,,Cdk14,Them6,,Slc9a9,Fam219b,
,,,,,,,,,,,,,,,,,,,,,,,,,,,,,,,,,,Cdr1,Tiam1,,Slco4a1,Fam227a,
,,,,,,,,,,,,,,,,,,,,,,,,,,,,,,,,,,Cdr2l,Tmcc3,,Slit2,Fbln5,
,,,,,,,,,,,,,,,,,,,,,,,,,,,,,,,,,,Cds1,Tmem108,,Slitrk2,Fbln7,
,,,,,,,,,,,,,,,,,,,,,,,,,,,,,,,,,,Cebpzos,Tmem132c,,Sncg,Fbn2,
,,,,,,,,,,,,,,,,,,,,,,,,,,,,,,,,,,Celsr2,Tmem132e,,Sorbs2,Fbxw17,
,,,,,,,,,,,,,,,,,,,,,,,,,,,,,,,,,,Cenpq,Tmem229a,,Sphkap,Fdft1,
,,,,,,,,,,,,,,,,,,,,,,,,,,,,,,,,,,Cep57,Tmem229b,,Spock1,Fdxr,
,,,,,,,,,,,,,,,,,,,,,,,,,,,,,,,,,,Cep83,Tmem65,,Sptb,Fes,
,,,,,,,,,,,,,,,,,,,,,,,,,,,,,,,,,,Cep97,Tnks1bp1,,St6galnac3,Fgd2,
,,,,,,,,,,,,,,,,,,,,,,,,,,,,,,,,,,Cept1,Trim24,,Tagln3,Fgfr3,
,,,,,,,,,,,,,,,,,,,,,,,,,,,,,,,,,,Cerk,Trim54,,Tenm2,Firre,
,,,,,,,,,,,,,,,,,,,,,,,,,,,,,,,,,,Cetn2,Tsen54,,Terf2,Flnb,
,,,,,,,,,,,,,,,,,,,,,,,,,,,,,,,,,,Cfap161,Tspan4,,Thrsp,Flot2,
,,,,,,,,,,,,,,,,,,,,,,,,,,,,,,,,,,Chchd10,Tspan9,,Timp3,Flrt3,
,,,,,,,,,,,,,,,,,,,,,,,,,,,,,,,,,,Chchd3,Ttc38,,Tjp2,Flywch2,
,,,,,,,,,,,,,,,,,,,,,,,,,,,,,,,,,,Chchd4,Upp1,,Tmem117,Fmod,
,,,,,,,,,,,,,,,,,,,,,,,,,,,,,,,,,,Chchd7,Vldlr,,Tmem47,Fnbp1,
,,,,,,,,,,,,,,,,,,,,,,,,,,,,,,,,,,Chmp6,Vps8,,Tmprss7,Fnbp1l,
,,,,,,,,,,,,,,,,,,,,,,,,,,,,,,,,,,Chn1,Wdr91,,Tpo,Foxj2,
,,,,,,,,,,,,,,,,,,,,,,,,,,,,,,,,,,Chordc1,Wscd2,,Triobp,Fpgt,
,,,,,,,,,,,,,,,,,,,,,,,,,,,,,,,,,,Chrac1,Zfhx3,,Tsku,Frat1,
,,,,,,,,,,,,,,,,,,,,,,,,,,,,,,,,,,Chst10,Zfp532,,Tspan2,Frmd8,
,,,,,,,,,,,,,,,,,,,,,,,,,,,,,,,,,,Churc1,Zfp710,,Ttyh2,Fstl4,
,,,,,,,,,,,,,,,,,,,,,,,,,,,,,,,,,,Ciart,Zfp804a,,Ush1g,Fstl5,
,,,,,,,,,,,,,,,,,,,,,,,,,,,,,,,,,,Cib2,,,Ust,Fubp3,
,,,,,,,,,,,,,,,,,,,,,,,,,,,,,,,,,,Cited2,,,Vat1l,Furin,
,,,,,,,,,,,,,,,,,,,,,,,,,,,,,,,,,,Ckmt1,,,Zeb2,Fut9,
,,,,,,,,,,,,,,,,,,,,,,,,,,,,,,,,,,Ckmt2,,,Zfp536,Fxyd2,
,,,,,,,,,,,,,,,,,,,,,,,,,,,,,,,,,,Clec2l,,,Zfp947,Fxyd6,
,,,,,,,,,,,,,,,,,,,,,,,,,,,,,,,,,,Clgn,,,,Gabpa,
,,,,,,,,,,,,,,,,,,,,,,,,,,,,,,,,,,Clip4,,,,Gabrb2,
,,,,,,,,,,,,,,,,,,,,,,,,,,,,,,,,,,Clmp,,,,Gabrg2,
,,,,,,,,,,,,,,,,,,,,,,,,,,,,,,,,,,Clstn3,,,,Gadd45g,
,,,,,,,,,,,,,,,,,,,,,,,,,,,,,,,,,,Clu,,,,Galnt5,
,,,,,,,,,,,,,,,,,,,,,,,,,,,,,,,,,,Cmc1,,,,Gap43,
,,,,,,,,,,,,,,,,,,,,,,,,,,,,,,,,,,Cmc2,,,,Gata2,
,,,,,,,,,,,,,,,,,,,,,,,,,,,,,,,,,,Cmpk2,,,,Gata3,
,,,,,,,,,,,,,,,,,,,,,,,,,,,,,,,,,,Cnnm1,,,,Gfra1,
,,,,,,,,,,,,,,,,,,,,,,,,,,,,,,,,,,Cnnm2,,,,Gldn,
,,,,,,,,,,,,,,,,,,,,,,,,,,,,,,,,,,Cnppd1,,,,Gm10578,
,,,,,,,,,,,,,,,,,,,,,,,,,,,,,,,,,,Cntn5,,,,Gm16023,
,,,,,,,,,,,,,,,,,,,,,,,,,,,,,,,,,,Cntnap1,,,,Gm16070,
,,,,,,,,,,,,,,,,,,,,,,,,,,,,,,,,,,Cntnap4,,,,Gm19522,
,,,,,,,,,,,,,,,,,,,,,,,,,,,,,,,,,,Col19a1,,,,Gm5148,
,,,,,,,,,,,,,,,,,,,,,,,,,,,,,,,,,,Colgalt2,,,,Gm5532,
,,,,,,,,,,,,,,,,,,,,,,,,,,,,,,,,,,Commd2,,,,Gmppa,
,,,,,,,,,,,,,,,,,,,,,,,,,,,,,,,,,,Commd9,,,,Gnao1,
,,,,,,,,,,,,,,,,,,,,,,,,,,,,,,,,,,Copb2,,,,Gnb4,
,,,,,,,,,,,,,,,,,,,,,,,,,,,,,,,,,,Coprs,,,,Gng10,
,,,,,,,,,,,,,,,,,,,,,,,,,,,,,,,,,,Cops7b,,,,Gng2,
,,,,,,,,,,,,,,,,,,,,,,,,,,,,,,,,,,Coro6,,,,Gpd2,
,,,,,,,,,,,,,,,,,,,,,,,,,,,,,,,,,,Cotl1,,,,Gpr149,
,,,,,,,,,,,,,,,,,,,,,,,,,,,,,,,,,,Cox10,,,,Gpr37,
,,,,,,,,,,,,,,,,,,,,,,,,,,,,,,,,,,Cox11,,,,Gpr88,
,,,,,,,,,,,,,,,,,,,,,,,,,,,,,,,,,,Cox8b,,,,Gprasp2,
,,,,,,,,,,,,,,,,,,,,,,,,,,,,,,,,,,Cpeb3,,,,Gprc5c,
,,,,,,,,,,,,,,,,,,,,,,,,,,,,,,,,,,Cpne9,,,,Gpsm1,
,,,,,,,,,,,,,,,,,,,,,,,,,,,,,,,,,,Cpt1a,,,,Gpsm2,
,,,,,,,,,,,,,,,,,,,,,,,,,,,,,,,,,,Cpt1b,,,,Gpx8,
,,,,,,,,,,,,,,,,,,,,,,,,,,,,,,,,,,Cptp,,,,Greb1l,
,,,,,,,,,,,,,,,,,,,,,,,,,,,,,,,,,,Crbn,,,,Grhl1,
,,,,,,,,,,,,,,,,,,,,,,,,,,,,,,,,,,Crlf3,,,,Grik3,
,,,,,,,,,,,,,,,,,,,,,,,,,,,,,,,,,,Crot,,,,Grin2c,
,,,,,,,,,,,,,,,,,,,,,,,,,,,,,,,,,,Cs,,,,Grin3a,
,,,,,,,,,,,,,,,,,,,,,,,,,,,,,,,,,,Cse1l,,,,Gstp1,
,,,,,,,,,,,,,,,,,,,,,,,,,,,,,,,,,,Csl,,,,Gtf2ird1,
,,,,,,,,,,,,,,,,,,,,,,,,,,,,,,,,,,Csmd1,,,,Gtf3a,
,,,,,,,,,,,,,,,,,,,,,,,,,,,,,,,,,,Csmd2,,,,H2-Aa,
,,,,,,,,,,,,,,,,,,,,,,,,,,,,,,,,,,Cst6,,,,H2-Ab1,
,,,,,,,,,,,,,,,,,,,,,,,,,,,,,,,,,,Cstf2,,,,H2-D1,
,,,,,,,,,,,,,,,,,,,,,,,,,,,,,,,,,,Ctbp1,,,,H2-DMb1,
,,,,,,,,,,,,,,,,,,,,,,,,,,,,,,,,,,Cul3,,,,H2-DMb2,
,,,,,,,,,,,,,,,,,,,,,,,,,,,,,,,,,,Cx3cl1,,,,Hacd4,
,,,,,,,,,,,,,,,,,,,,,,,,,,,,,,,,,,Cyfip2,,,,Hamp,
,,,,,,,,,,,,,,,,,,,,,,,,,,,,,,,,,,Cygb,,,,Hey1,
,,,,,,,,,,,,,,,,,,,,,,,,,,,,,,,,,,D17H6S53E,,,,Hmgn1,
,,,,,,,,,,,,,,,,,,,,,,,,,,,,,,,,,,Dbn1,,,,Hmgn2,
,,,,,,,,,,,,,,,,,,,,,,,,,,,,,,,,,,Dbndd1,,,,Hmgn3,
,,,,,,,,,,,,,,,,,,,,,,,,,,,,,,,,,,Dcaf10,,,,Hnrnph3,
,,,,,,,,,,,,,,,,,,,,,,,,,,,,,,,,,,Dcbld2,,,,Hpca,
,,,,,,,,,,,,,,,,,,,,,,,,,,,,,,,,,,Dchs1,,,,Hpcal1,
,,,,,,,,,,,,,,,,,,,,,,,,,,,,,,,,,,Dclk2,,,,Hs6st3,
,,,,,,,,,,,,,,,,,,,,,,,,,,,,,,,,,,Dcp2,,,,Hspb1,
,,,,,,,,,,,,,,,,,,,,,,,,,,,,,,,,,,Dcun1d2,,,,Htr7,
,,,,,,,,,,,,,,,,,,,,,,,,,,,,,,,,,,Ddah1,,,,Ica1l,
,,,,,,,,,,,,,,,,,,,,,,,,,,,,,,,,,,Ddit3,,,,Id1,
,,,,,,,,,,,,,,,,,,,,,,,,,,,,,,,,,,Ddx1,,,,Id2,
,,,,,,,,,,,,,,,,,,,,,,,,,,,,,,,,,,Ddx19b,,,,Id3,
,,,,,,,,,,,,,,,,,,,,,,,,,,,,,,,,,,Ddx25,,,,Id4,
,,,,,,,,,,,,,,,,,,,,,,,,,,,,,,,,,,Ddx27,,,,Igsf1,
,,,,,,,,,,,,,,,,,,,,,,,,,,,,,,,,,,Ddx41,,,,Igsf21,
,,,,,,,,,,,,,,,,,,,,,,,,,,,,,,,,,,Dedd,,,,Igsf8,
,,,,,,,,,,,,,,,,,,,,,,,,,,,,,,,,,,Def6,,,,Igtp,
,,,,,,,,,,,,,,,,,,,,,,,,,,,,,,,,,,Denr,,,,Iigp1,
,,,,,,,,,,,,,,,,,,,,,,,,,,,,,,,,,,Dexi,,,,Il11ra1,
,,,,,,,,,,,,,,,,,,,,,,,,,,,,,,,,,,Dffa,,,,Il3ra,
,,,,,,,,,,,,,,,,,,,,,,,,,,,,,,,,,,Dhdds,,,,Il4ra,
,,,,,,,,,,,,,,,,,,,,,,,,,,,,,,,,,,Dhps,,,,Immp2l,
,,,,,,,,,,,,,,,,,,,,,,,,,,,,,,,,,,Dhrs1,,,,Irgm2,
,,,,,,,,,,,,,,,,,,,,,,,,,,,,,,,,,,Dhrs11,,,,Islr,
,,,,,,,,,,,,,,,,,,,,,,,,,,,,,,,,,,Dhx16,,,,Itga9,
,,,,,,,,,,,,,,,,,,,,,,,,,,,,,,,,,,Dip2a,,,,Itgb1,
,,,,,,,,,,,,,,,,,,,,,,,,,,,,,,,,,,Diras1,,,,Itpk1,
,,,,,,,,,,,,,,,,,,,,,,,,,,,,,,,,,,Dkc1,,,,Itsn1,
,,,,,,,,,,,,,,,,,,,,,,,,,,,,,,,,,,Dlat,,,,Izumo4,
,,,,,,,,,,,,,,,,,,,,,,,,,,,,,,,,,,Dld,,,,Jdp2,
,,,,,,,,,,,,,,,,,,,,,,,,,,,,,,,,,,Dlgap3,,,,Jph4,
,,,,,,,,,,,,,,,,,,,,,,,,,,,,,,,,,,Dlst,,,,Kcna6,
,,,,,,,,,,,,,,,,,,,,,,,,,,,,,,,,,,Dnajb14,,,,Kcnc4,
,,,,,,,,,,,,,,,,,,,,,,,,,,,,,,,,,,Dnajc13,,,,Kcnd1,
,,,,,,,,,,,,,,,,,,,,,,,,,,,,,,,,,,Dnajc27,,,,Kctd12,
,,,,,,,,,,,,,,,,,,,,,,,,,,,,,,,,,,Dnajc28,,,,Kirrel3,
,,,,,,,,,,,,,,,,,,,,,,,,,,,,,,,,,,Dock9,,,,Kitl,
,,,,,,,,,,,,,,,,,,,,,,,,,,,,,,,,,,Dscam,,,,Klhl5,
,,,,,,,,,,,,,,,,,,,,,,,,,,,,,,,,,,Dtd2,,,,L1cam,
,,,,,,,,,,,,,,,,,,,,,,,,,,,,,,,,,,Dtnbp1,,,,Ldha,
,,,,,,,,,,,,,,,,,,,,,,,,,,,,,,,,,,Dusp15,,,,Lims2,
,,,,,,,,,,,,,,,,,,,,,,,,,,,,,,,,,,Dusp19,,,,Lin28b,
,,,,,,,,,,,,,,,,,,,,,,,,,,,,,,,,,,Dusp27,,,,Lin7a,
,,,,,,,,,,,,,,,,,,,,,,,,,,,,,,,,,,Dusp28,,,,Lmna,
,,,,,,,,,,,,,,,,,,,,,,,,,,,,,,,,,,Dync2h1,,,,Lpar1,
,,,,,,,,,,,,,,,,,,,,,,,,,,,,,,,,,,Dzip1,,,,Lrrc75a,
,,,,,,,,,,,,,,,,,,,,,,,,,,,,,,,,,,E130309D02Rik,,,,Lrrtm2,
,,,,,,,,,,,,,,,,,,,,,,,,,,,,,,,,,,E2f6,,,,Lrrtm3,
,,,,,,,,,,,,,,,,,,,,,,,,,,,,,,,,,,Ebag9,,,,Lxn,
,,,,,,,,,,,,,,,,,,,,,,,,,,,,,,,,,,Efemp1,,,,Ly6h,
,,,,,,,,,,,,,,,,,,,,,,,,,,,,,,,,,,Efr3b,,,,Mafb,
,,,,,,,,,,,,,,,,,,,,,,,,,,,,,,,,,,Egln2,,,,Magi1,
,,,,,,,,,,,,,,,,,,,,,,,,,,,,,,,,,,Eif1ad,,,,Maml3,
,,,,,,,,,,,,,,,,,,,,,,,,,,,,,,,,,,Eif2ak4,,,,Man1c1,
,,,,,,,,,,,,,,,,,,,,,,,,,,,,,,,,,,Eif2b4,,,,Map3k9,
,,,,,,,,,,,,,,,,,,,,,,,,,,,,,,,,,,Eif5a2,,,,Map7,
,,,,,,,,,,,,,,,,,,,,,,,,,,,,,,,,,,Elmo1,,,,Mapk3,
,,,,,,,,,,,,,,,,,,,,,,,,,,,,,,,,,,Elovl4,,,,Marcks,
,,,,,,,,,,,,,,,,,,,,,,,,,,,,,,,,,,Enah,,,,Marcksl1,
,,,,,,,,,,,,,,,,,,,,,,,,,,,,,,,,,,Endod1,,,,Mboat2,
,,,,,,,,,,,,,,,,,,,,,,,,,,,,,,,,,,Eno4,,,,Mc4r,
,,,,,,,,,,,,,,,,,,,,,,,,,,,,,,,,,,Enpp4,,,,Mcmbp,
,,,,,,,,,,,,,,,,,,,,,,,,,,,,,,,,,,Entpd3,,,,Med18,
,,,,,,,,,,,,,,,,,,,,,,,,,,,,,,,,,,Entpd6,,,,Metrnl,
,,,,,,,,,,,,,,,,,,,,,,,,,,,,,,,,,,Epb41l1,,,,Mfap3,
,,,,,,,,,,,,,,,,,,,,,,,,,,,,,,,,,,Epb41l3,,,,Mical1,
,,,,,,,,,,,,,,,,,,,,,,,,,,,,,,,,,,Epdr1,,,,Mmgt2,
,,,,,,,,,,,,,,,,,,,,,,,,,,,,,,,,,,Epha4,,,,Mmp14,
,,,,,,,,,,,,,,,,,,,,,,,,,,,,,,,,,,Epn3,,,,Mmp16,
,,,,,,,,,,,,,,,,,,,,,,,,,,,,,,,,,,Eral1,,,,Mmrn2,
,,,,,,,,,,,,,,,,,,,,,,,,,,,,,,,,,,Erich3,,,,Mob3c,
,,,,,,,,,,,,,,,,,,,,,,,,,,,,,,,,,,Ern1,,,,Morn4,
,,,,,,,,,,,,,,,,,,,,,,,,,,,,,,,,,,Esrrg,,,,Mpdu1,
,,,,,,,,,,,,,,,,,,,,,,,,,,,,,,,,,,Esyt1,,,,Mpp3,
,,,,,,,,,,,,,,,,,,,,,,,,,,,,,,,,,,Etf1,,,,Mpp6,
,,,,,,,,,,,,,,,,,,,,,,,,,,,,,,,,,,Ethe1,,,,Mpv17l2,
,,,,,,,,,,,,,,,,,,,,,,,,,,,,,,,,,,Exoc5,,,,Mta3,
,,,,,,,,,,,,,,,,,,,,,,,,,,,,,,,,,,Ext2,,,,Mtcl1,
,,,,,,,,,,,,,,,,,,,,,,,,,,,,,,,,,,Extl2,,,,Mthfs,
,,,,,,,,,,,,,,,,,,,,,,,,,,,,,,,,,,F8a,,,,Muc15,
,,,,,,,,,,,,,,,,,,,,,,,,,,,,,,,,,,Fa2h,,,,Mxi1,
,,,,,,,,,,,,,,,,,,,,,,,,,,,,,,,,,,Faah,,,,Mxra7,
,,,,,,,,,,,,,,,,,,,,,,,,,,,,,,,,,,Faim2,,,,Mxra8,
,,,,,,,,,,,,,,,,,,,,,,,,,,,,,,,,,,Fam126b,,,,Myl1,
,,,,,,,,,,,,,,,,,,,,,,,,,,,,,,,,,,Fam13b,,,,Myo1c,
,,,,,,,,,,,,,,,,,,,,,,,,,,,,,,,,,,Fam155a,,,,Myo7a,
,,,,,,,,,,,,,,,,,,,,,,,,,,,,,,,,,,Fam184b,,,,Naga,
,,,,,,,,,,,,,,,,,,,,,,,,,,,,,,,,,,Fam189a2,,,,Nampt,
,,,,,,,,,,,,,,,,,,,,,,,,,,,,,,,,,,Fam20c,,,,Nck2,
,,,,,,,,,,,,,,,,,,,,,,,,,,,,,,,,,,Fam234b,,,,Necab1,
,,,,,,,,,,,,,,,,,,,,,,,,,,,,,,,,,,Fam53b,,,,Neurl1a,
,,,,,,,,,,,,,,,,,,,,,,,,,,,,,,,,,,Fam57b,,,,Nfkbie,
,,,,,,,,,,,,,,,,,,,,,,,,,,,,,,,,,,Fam78a,,,,Nhsl2,
,,,,,,,,,,,,,,,,,,,,,,,,,,,,,,,,,,Fam98c,,,,Nipsnap3b,
,,,,,,,,,,,,,,,,,,,,,,,,,,,,,,,,,,Farp2,,,,Nmb,
,,,,,,,,,,,,,,,,,,,,,,,,,,,,,,,,,,Fat1,,,,Nme3,
,,,,,,,,,,,,,,,,,,,,,,,,,,,,,,,,,,Fat3,,,,Nnat,
,,,,,,,,,,,,,,,,,,,,,,,,,,,,,,,,,,Fbxo31,,,,Nog,
,,,,,,,,,,,,,,,,,,,,,,,,,,,,,,,,,,Fbxo32,,,,Nop16,
,,,,,,,,,,,,,,,,,,,,,,,,,,,,,,,,,,Fbxo33,,,,Nrp1,
,,,,,,,,,,,,,,,,,,,,,,,,,,,,,,,,,,Fbxo34,,,,Nsg2,
,,,,,,,,,,,,,,,,,,,,,,,,,,,,,,,,,,Fbxo40,,,,Nubpl,
,,,,,,,,,,,,,,,,,,,,,,,,,,,,,,,,,,Fbxo41,,,,Nucb1,
,,,,,,,,,,,,,,,,,,,,,,,,,,,,,,,,,,Fbxw7,,,,Nupl2,
,,,,,,,,,,,,,,,,,,,,,,,,,,,,,,,,,,Fez2,,,,Nxn,
,,,,,,,,,,,,,,,,,,,,,,,,,,,,,,,,,,Fgf18,,,,Nxph4,
,,,,,,,,,,,,,,,,,,,,,,,,,,,,,,,,,,Fgf9,,,,Oat,
,,,,,,,,,,,,,,,,,,,,,,,,,,,,,,,,,,Fgfr1op,,,,Ocrl,
,,,,,,,,,,,,,,,,,,,,,,,,,,,,,,,,,,Fh1,,,,Olfm2,
,,,,,,,,,,,,,,,,,,,,,,,,,,,,,,,,,,Fhdc1,,,,Ophn1,
,,,,,,,,,,,,,,,,,,,,,,,,,,,,,,,,,,Fhod3,,,,Pacrg,
,,,,,,,,,,,,,,,,,,,,,,,,,,,,,,,,,,Fign,,,,Palld,
,,,,,,,,,,,,,,,,,,,,,,,,,,,,,,,,,,Fkbp1b,,,,Palm,
,,,,,,,,,,,,,,,,,,,,,,,,,,,,,,,,,,Flt3,,,,Palmd,
,,,,,,,,,,,,,,,,,,,,,,,,,,,,,,,,,,Flywch1,,,,Pam,
,,,,,,,,,,,,,,,,,,,,,,,,,,,,,,,,,,Fn3k,,,,Pan2,
,,,,,,,,,,,,,,,,,,,,,,,,,,,,,,,,,,Fndc4,,,,Pard6g,
,,,,,,,,,,,,,,,,,,,,,,,,,,,,,,,,,,Frmd4b,,,,Pcdh17,
,,,,,,,,,,,,,,,,,,,,,,,,,,,,,,,,,,Frmpd1,,,,Pcdh20,
,,,,,,,,,,,,,,,,,,,,,,,,,,,,,,,,,,Fstl1,,,,Pcdhga4,
,,,,,,,,,,,,,,,,,,,,,,,,,,,,,,,,,,Fuca2,,,,Pcnx,
,,,,,,,,,,,,,,,,,,,,,,,,,,,,,,,,,,Fundc2,,,,Pde1c,
,,,,,,,,,,,,,,,,,,,,,,,,,,,,,,,,,,Fuom,,,,Pdia4,
,,,,,,,,,,,,,,,,,,,,,,,,,,,,,,,,,,Fut8,,,,Pdlim4,
,,,,,,,,,,,,,,,,,,,,,,,,,,,,,,,,,,G0s2,,,,Pea15a,
,,,,,,,,,,,,,,,,,,,,,,,,,,,,,,,,,,Gadd45b,,,,Pgrmc2,
,,,,,,,,,,,,,,,,,,,,,,,,,,,,,,,,,,Galnt9,,,,Phf12,
,,,,,,,,,,,,,,,,,,,,,,,,,,,,,,,,,,Gart,,,,Phf3,
,,,,,,,,,,,,,,,,,,,,,,,,,,,,,,,,,,Gbe1,,,,Phldb2,
,,,,,,,,,,,,,,,,,,,,,,,,,,,,,,,,,,Gcnt4,,,,Pigl,
,,,,,,,,,,,,,,,,,,,,,,,,,,,,,,,,,,Gcsh,,,,Pim2,
,,,,,,,,,,,,,,,,,,,,,,,,,,,,,,,,,,Gdpd1,,,,Pisd,
,,,,,,,,,,,,,,,,,,,,,,,,,,,,,,,,,,Gfod1,,,,Pithd1,
,,,,,,,,,,,,,,,,,,,,,,,,,,,,,,,,,,Gga3,,,,Pkib,
,,,,,,,,,,,,,,,,,,,,,,,,,,,,,,,,,,Gipc1,,,,Pkig,
,,,,,,,,,,,,,,,,,,,,,,,,,,,,,,,,,,Glrx2,,,,Pkp4,
,,,,,,,,,,,,,,,,,,,,,,,,,,,,,,,,,,Glrx5,,,,Pla2g6,
,,,,,,,,,,,,,,,,,,,,,,,,,,,,,,,,,,Gls,,,,Plcb3,
,,,,,,,,,,,,,,,,,,,,,,,,,,,,,,,,,,Gls2,,,,Plekhg5,
,,,,,,,,,,,,,,,,,,,,,,,,,,,,,,,,,,Glul,,,,Plk5,
,,,,,,,,,,,,,,,,,,,,,,,,,,,,,,,,,,Gm13629,,,,Plp2,
,,,,,,,,,,,,,,,,,,,,,,,,,,,,,,,,,,Gm19461,,,,Pnrc2,
,,,,,,,,,,,,,,,,,,,,,,,,,,,,,,,,,,Gm9866,,,,Ppef1,
,,,,,,,,,,,,,,,,,,,,,,,,,,,,,,,,,,Gmpr,,,,Ppfia2,
,,,,,,,,,,,,,,,,,,,,,,,,,,,,,,,,,,Gnal,,,,Ppp1r27,
,,,,,,,,,,,,,,,,,,,,,,,,,,,,,,,,,,Gnaz,,,,Prdx1,
,,,,,,,,,,,,,,,,,,,,,,,,,,,,,,,,,,Gne,,,,Prelp,
,,,,,,,,,,,,,,,,,,,,,,,,,,,,,,,,,,Gng7,,,,Prima1,
,,,,,,,,,,,,,,,,,,,,,,,,,,,,,,,,,,Gpat4,,,,Prkcd,
,,,,,,,,,,,,,,,,,,,,,,,,,,,,,,,,,,Gpatch1,,,,Prpf39,
,,,,,,,,,,,,,,,,,,,,,,,,,,,,,,,,,,Gpcpd1,,,,Prph,
,,,,,,,,,,,,,,,,,,,,,,,,,,,,,,,,,,Gpd1l,,,,Psen2,
,,,,,,,,,,,,,,,,,,,,,,,,,,,,,,,,,,Gpr22,,,,Psme1,
,,,,,,,,,,,,,,,,,,,,,,,,,,,,,,,,,,Gprc5b,,,,Psme2,
,,,,,,,,,,,,,,,,,,,,,,,,,,,,,,,,,,Gria3,,,,Psme2b,
,,,,,,,,,,,,,,,,,,,,,,,,,,,,,,,,,,Gria4,,,,Ptchd1,
,,,,,,,,,,,,,,,,,,,,,,,,,,,,,,,,,,Grin1,,,,Ptpn11,
,,,,,,,,,,,,,,,,,,,,,,,,,,,,,,,,,,Grm7,,,,Ptpn13,
,,,,,,,,,,,,,,,,,,,,,,,,,,,,,,,,,,Grsf1,,,,Ptpn14,
,,,,,,,,,,,,,,,,,,,,,,,,,,,,,,,,,,Gtf2h4,,,,Ptpn5,
,,,,,,,,,,,,,,,,,,,,,,,,,,,,,,,,,,Gtpbp3,,,,Ptprm,
,,,,,,,,,,,,,,,,,,,,,,,,,,,,,,,,,,Gyg,,,,Ptpro,
,,,,,,,,,,,,,,,,,,,,,,,,,,,,,,,,,,Gzf1,,,,Pwwp2b,
,,,,,,,,,,,,,,,,,,,,,,,,,,,,,,,,,,Haghl,,,,Pycrl,
,,,,,,,,,,,,,,,,,,,,,,,,,,,,,,,,,,Hapln1,,,,Qpct,
,,,,,,,,,,,,,,,,,,,,,,,,,,,,,,,,,,Hapln4,,,,R74862,
,,,,,,,,,,,,,,,,,,,,,,,,,,,,,,,,,,Hcn1,,,,Rab13,
,,,,,,,,,,,,,,,,,,,,,,,,,,,,,,,,,,Hcn2,,,,Rab3b,
,,,,,,,,,,,,,,,,,,,,,,,,,,,,,,,,,,Hdac2,,,,Rad52,
,,,,,,,,,,,,,,,,,,,,,,,,,,,,,,,,,,Hdlbp,,,,Rala,
,,,,,,,,,,,,,,,,,,,,,,,,,,,,,,,,,,Heatr5a,,,,Rap1b,
,,,,,,,,,,,,,,,,,,,,,,,,,,,,,,,,,,Hebp2,,,,Rbms1,
,,,,,,,,,,,,,,,,,,,,,,,,,,,,,,,,,,Hecw1,,,,Rcn1,
,,,,,,,,,,,,,,,,,,,,,,,,,,,,,,,,,,Herc3,,,,Rgs17,
,,,,,,,,,,,,,,,,,,,,,,,,,,,,,,,,,,Herpud1,,,,Rgs3,
,,,,,,,,,,,,,,,,,,,,,,,,,,,,,,,,,,Hhatl,,,,Rhoc,
,,,,,,,,,,,,,,,,,,,,,,,,,,,,,,,,,,Hif1an,,,,Ric8a,
,,,,,,,,,,,,,,,,,,,,,,,,,,,,,,,,,,Hipk2,,,,Rims3,
,,,,,,,,,,,,,,,,,,,,,,,,,,,,,,,,,,Hivep2,,,,Rin2,
,,,,,,,,,,,,,,,,,,,,,,,,,,,,,,,,,,Hlf,,,,Rnase4,
,,,,,,,,,,,,,,,,,,,,,,,,,,,,,,,,,,Hmg20b,,,,Rnf181,
,,,,,,,,,,,,,,,,,,,,,,,,,,,,,,,,,,Hmga1,,,,Rnf44,
,,,,,,,,,,,,,,,,,,,,,,,,,,,,,,,,,,Hmgb3,,,,Rnpc3,
,,,,,,,,,,,,,,,,,,,,,,,,,,,,,,,,,,Hsd17b7,,,,Ror2,
,,,,,,,,,,,,,,,,,,,,,,,,,,,,,,,,,,Hsf4,,,,Rph3a,
,,,,,,,,,,,,,,,,,,,,,,,,,,,,,,,,,,Hspa4l,,,,Rps12,
,,,,,,,,,,,,,,,,,,,,,,,,,,,,,,,,,,Hsph1,,,,Rps18,
,,,,,,,,,,,,,,,,,,,,,,,,,,,,,,,,,,Iffo1,,,,Rps6,
,,,,,,,,,,,,,,,,,,,,,,,,,,,,,,,,,,Iffo2,,,,Rrbp1,
,,,,,,,,,,,,,,,,,,,,,,,,,,,,,,,,,,Ifngr2,,,,Rrm2b,
,,,,,,,,,,,,,,,,,,,,,,,,,,,,,,,,,,Ifrd1,,,,Rsph9,
,,,,,,,,,,,,,,,,,,,,,,,,,,,,,,,,,,Igsf3,,,,Rsu1,
,,,,,,,,,,,,,,,,,,,,,,,,,,,,,,,,,,Inpp1,,,,Rwdd2b,
,,,,,,,,,,,,,,,,,,,,,,,,,,,,,,,,,,Inpp5e,,,,Rxfp3,
,,,,,,,,,,,,,,,,,,,,,,,,,,,,,,,,,,Inpp5f,,,,Rybp,
,,,,,,,,,,,,,,,,,,,,,,,,,,,,,,,,,,Inpp5j,,,,S100a1,
,,,,,,,,,,,,,,,,,,,,,,,,,,,,,,,,,,Ipo11,,,,S100a13,
,,,,,,,,,,,,,,,,,,,,,,,,,,,,,,,,,,Ippk,,,,Samd8,
,,,,,,,,,,,,,,,,,,,,,,,,,,,,,,,,,,Iqgap1,,,,Scarletltr,
,,,,,,,,,,,,,,,,,,,,,,,,,,,,,,,,,,Iqsec2,,,,Scg2,
,,,,,,,,,,,,,,,,,,,,,,,,,,,,,,,,,,Irs2,,,,Scmh1,
,,,,,,,,,,,,,,,,,,,,,,,,,,,,,,,,,,Isca2,,,,Scn2b,
,,,,,,,,,,,,,,,,,,,,,,,,,,,,,,,,,,Isl2,,,,Scn9a,
,,,,,,,,,,,,,,,,,,,,,,,,,,,,,,,,,,Isy1,,,,Scrib,
,,,,,,,,,,,,,,,,,,,,,,,,,,,,,,,,,,Itfg2,,,,Sdsl,
,,,,,,,,,,,,,,,,,,,,,,,,,,,,,,,,,,Itpkc,,,,Sec61a1,
,,,,,,,,,,,,,,,,,,,,,,,,,,,,,,,,,,Jak1,,,,Sel1l3,
,,,,,,,,,,,,,,,,,,,,,,,,,,,,,,,,,,Jsrp1,,,,Sema6d,
,,,,,,,,,,,,,,,,,,,,,,,,,,,,,,,,,,Jtb,,,,Serinc5,
,,,,,,,,,,,,,,,,,,,,,,,,,,,,,,,,,,Jun,,,,Serpinf1,
,,,,,,,,,,,,,,,,,,,,,,,,,,,,,,,,,,Kalrn,,,,Sertad1,
,,,,,,,,,,,,,,,,,,,,,,,,,,,,,,,,,,Kank1,,,,Sestd1,
,,,,,,,,,,,,,,,,,,,,,,,,,,,,,,,,,,Kank4,,,,Sgk3,
,,,,,,,,,,,,,,,,,,,,,,,,,,,,,,,,,,Kat6a,,,,Sgpl1,
,,,,,,,,,,,,,,,,,,,,,,,,,,,,,,,,,,Kbtbd2,,,,Sh3bgrl,
,,,,,,,,,,,,,,,,,,,,,,,,,,,,,,,,,,Kcna1,,,,Sh3bgrl2,
,,,,,,,,,,,,,,,,,,,,,,,,,,,,,,,,,,Kcna2,,,,Sh3kbp1,
,,,,,,,,,,,,,,,,,,,,,,,,,,,,,,,,,,Kcnab2,,,,Shc3,
,,,,,,,,,,,,,,,,,,,,,,,,,,,,,,,,,,Kcnab3,,,,Shisa2,
,,,,,,,,,,,,,,,,,,,,,,,,,,,,,,,,,,Kcnc1,,,,Shroom3,
,,,,,,,,,,,,,,,,,,,,,,,,,,,,,,,,,,Kcnc3,,,,Sik1,
,,,,,,,,,,,,,,,,,,,,,,,,,,,,,,,,,,Kcnh5,,,,Sipa1l1,
,,,,,,,,,,,,,,,,,,,,,,,,,,,,,,,,,,Kcnip1,,,,Skap1,
,,,,,,,,,,,,,,,,,,,,,,,,,,,,,,,,,,Kcnip2,,,,Slc29a4,
,,,,,,,,,,,,,,,,,,,,,,,,,,,,,,,,,,Kcnip3,,,,Slc35a2,
,,,,,,,,,,,,,,,,,,,,,,,,,,,,,,,,,,Kcnk1,,,,Slc35d1,
,,,,,,,,,,,,,,,,,,,,,,,,,,,,,,,,,,Kcnk10,,,,Slc36a1,
,,,,,,,,,,,,,,,,,,,,,,,,,,,,,,,,,,Kcnma1,,,,Slc36a2,
,,,,,,,,,,,,,,,,,,,,,,,,,,,,,,,,,,Kcnn2,,,,Slc4a10,
,,,,,,,,,,,,,,,,,,,,,,,,,,,,,,,,,,Kcns1,,,,Slc52a3,
,,,,,,,,,,,,,,,,,,,,,,,,,,,,,,,,,,Kcns3,,,,Slc6a4,
,,,,,,,,,,,,,,,,,,,,,,,,,,,,,,,,,,Kctd1,,,,Slc7a11,
,,,,,,,,,,,,,,,,,,,,,,,,,,,,,,,,,,Kctd17,,,,Slc7a8,
,,,,,,,,,,,,,,,,,,,,,,,,,,,,,,,,,,Kctd7,,,,Slc9a3r1,
,,,,,,,,,,,,,,,,,,,,,,,,,,,,,,,,,,Kctd8,,,,Slc9b2,
,,,,,,,,,,,,,,,,,,,,,,,,,,,,,,,,,,Kdm7a,,,,Smad1,
,,,,,,,,,,,,,,,,,,,,,,,,,,,,,,,,,,Kif3a,,,,Smad6,
,,,,,,,,,,,,,,,,,,,,,,,,,,,,,,,,,,Kif5c,,,,Smad7,
,,,,,,,,,,,,,,,,,,,,,,,,,,,,,,,,,,Kifc2,,,,Smim15,
,,,,,,,,,,,,,,,,,,,,,,,,,,,,,,,,,,Klc2,,,,Smim22,
,,,,,,,,,,,,,,,,,,,,,,,,,,,,,,,,,,Klf9,,,,Snca,
,,,,,,,,,,,,,,,,,,,,,,,,,,,,,,,,,,Klhdc8a,,,,Snhg17,
,,,,,,,,,,,,,,,,,,,,,,,,,,,,,,,,,,Klhl32,,,,Snx8,
,,,,,,,,,,,,,,,,,,,,,,,,,,,,,,,,,,Kndc1,,,,Socs1,
,,,,,,,,,,,,,,,,,,,,,,,,,,,,,,,,,,Kpna6,,,,Sorcs3,
,,,,,,,,,,,,,,,,,,,,,,,,,,,,,,,,,,Krt222,,,,Sorl1,
,,,,,,,,,,,,,,,,,,,,,,,,,,,,,,,,,,Larp1b,,,,Spata24,
,,,,,,,,,,,,,,,,,,,,,,,,,,,,,,,,,,Lats1,,,,Speg,
,,,,,,,,,,,,,,,,,,,,,,,,,,,,,,,,,,Ldb3,,,,Sprn,
,,,,,,,,,,,,,,,,,,,,,,,,,,,,,,,,,,Lgi2,,,,Spsb1,
,,,,,,,,,,,,,,,,,,,,,,,,,,,,,,,,,,Lgi3,,,,Spsb2,
,,,,,,,,,,,,,,,,,,,,,,,,,,,,,,,,,,Lgr5,,,,Ssr4,
,,,,,,,,,,,,,,,,,,,,,,,,,,,,,,,,,,Lhfp,,,,St8sia4,
,,,,,,,,,,,,,,,,,,,,,,,,,,,,,,,,,,Lhfpl3,,,,Stard13,
,,,,,,,,,,,,,,,,,,,,,,,,,,,,,,,,,,Lhfpl4,,,,Stat6,
,,,,,,,,,,,,,,,,,,,,,,,,,,,,,,,,,,Limk1,,,,Styx,
,,,,,,,,,,,,,,,,,,,,,,,,,,,,,,,,,,Lingo1,,,,Sugct,
,,,,,,,,,,,,,,,,,,,,,,,,,,,,,,,,,,Llph,,,,Susd5,
,,,,,,,,,,,,,,,,,,,,,,,,,,,,,,,,,,Lmbr1,,,,Syce2,
,,,,,,,,,,,,,,,,,,,,,,,,,,,,,,,,,,Lmcd1,,,,Syne4,
,,,,,,,,,,,,,,,,,,,,,,,,,,,,,,,,,,Lmo1,,,,Syt1,
,,,,,,,,,,,,,,,,,,,,,,,,,,,,,,,,,,Lonrf2,,,,Syt5,
,,,,,,,,,,,,,,,,,,,,,,,,,,,,,,,,,,Lpcat4,,,,Tax1bp3,
,,,,,,,,,,,,,,,,,,,,,,,,,,,,,,,,,,Lpin1,,,,Tbc1d10a,
,,,,,,,,,,,,,,,,,,,,,,,,,,,,,,,,,,Lrch1,,,,Tbc1d22a,
,,,,,,,,,,,,,,,,,,,,,,,,,,,,,,,,,,Lrp11,,,,Tbc1d8,
,,,,,,,,,,,,,,,,,,,,,,,,,,,,,,,,,,Lrrc45,,,,Tbcel,
,,,,,,,,,,,,,,,,,,,,,,,,,,,,,,,,,,Lrrn3,,,,Tbl1x,
,,,,,,,,,,,,,,,,,,,,,,,,,,,,,,,,,,Lsamp,,,,Tcea3,
,,,,,,,,,,,,,,,,,,,,,,,,,,,,,,,,,,Lsm3,,,,Tcerg1l,
,,,,,,,,,,,,,,,,,,,,,,,,,,,,,,,,,,Lsmem1,,,,Tex15,
,,,,,,,,,,,,,,,,,,,,,,,,,,,,,,,,,,Luzp1,,,,Tex33,
,,,,,,,,,,,,,,,,,,,,,,,,,,,,,,,,,,Lynx1,,,,Tex43,
,,,,,,,,,,,,,,,,,,,,,,,,,,,,,,,,,,Lypla1,,,,Th,
,,,,,,,,,,,,,,,,,,,,,,,,,,,,,,,,,,Lysmd2,,,,Tjp2,
,,,,,,,,,,,,,,,,,,,,,,,,,,,,,,,,,,Macrod1,,,,Tle4,
,,,,,,,,,,,,,,,,,,,,,,,,,,,,,,,,,,Magee1,,,,Tlr4,
,,,,,,,,,,,,,,,,,,,,,,,,,,,,,,,,,,Mamld1,,,,Tm4sf1,
,,,,,,,,,,,,,,,,,,,,,,,,,,,,,,,,,,Map3k10,,,,Tmbim1,
,,,,,,,,,,,,,,,,,,,,,,,,,,,,,,,,,,Map4k2,,,,Tmem104,
,,,,,,,,,,,,,,,,,,,,,,,,,,,,,,,,,,Map6,,,,Tmem106a,
,,,,,,,,,,,,,,,,,,,,,,,,,,,,,,,,,,Map7d1,,,,Tmem119,
,,,,,,,,,,,,,,,,,,,,,,,,,,,,,,,,,,Mapk12,,,,Tmem132b,
,,,,,,,,,,,,,,,,,,,,,,,,,,,,,,,,,,Mapk6,,,,Tmem132e,
,,,,,,,,,,,,,,,,,,,,,,,,,,,,,,,,,,Mapkapk2,,,,Tmem169,
,,,,,,,,,,,,,,,,,,,,,,,,,,,,,,,,,,Mapkapk3,,,,Tmem176a,
,,,,,,,,,,,,,,,,,,,,,,,,,,,,,,,,,,Mapre3,,,,Tmem176b,
,,,,,,,,,,,,,,,,,,,,,,,,,,,,,,,,,,Mark4,,,,Tmem186,
,,,,,,,,,,,,,,,,,,,,,,,,,,,,,,,,,,Mast1,,,,Tmem200a,
,,,,,,,,,,,,,,,,,,,,,,,,,,,,,,,,,,Max,,,,Tmem221,
,,,,,,,,,,,,,,,,,,,,,,,,,,,,,,,,,,Mcf2l,,,,Tmem241,
,,,,,,,,,,,,,,,,,,,,,,,,,,,,,,,,,,Mcl1,,,,Tmprss3,
,,,,,,,,,,,,,,,,,,,,,,,,,,,,,,,,,,Mcts1,,,,Tmsb10,
,,,,,,,,,,,,,,,,,,,,,,,,,,,,,,,,,,Mcu,,,,Tmtc2,
,,,,,,,,,,,,,,,,,,,,,,,,,,,,,,,,,,Me3,,,,Tmx1,
,,,,,,,,,,,,,,,,,,,,,,,,,,,,,,,,,,Mecp2,,,,Tnc,
,,,,,,,,,,,,,,,,,,,,,,,,,,,,,,,,,,Med24,,,,Tnnt1,
,,,,,,,,,,,,,,,,,,,,,,,,,,,,,,,,,,Med7,,,,Tnr,
,,,,,,,,,,,,,,,,,,,,,,,,,,,,,,,,,,Men1,,,,Tns1,
,,,,,,,,,,,,,,,,,,,,,,,,,,,,,,,,,,Mettl14,,,,Tns3,
,,,,,,,,,,,,,,,,,,,,,,,,,,,,,,,,,,Mettl21a,,,,Tom1,
,,,,,,,,,,,,,,,,,,,,,,,,,,,,,,,,,,Mettl22,,,,Tpd52,
,,,,,,,,,,,,,,,,,,,,,,,,,,,,,,,,,,Mfhas1,,,,Tpm4,
,,,,,,,,,,,,,,,,,,,,,,,,,,,,,,,,,,Mfn2,,,,Tppp,
,,,,,,,,,,,,,,,,,,,,,,,,,,,,,,,,,,Mgat3,,,,Trafd1,
,,,,,,,,,,,,,,,,,,,,,,,,,,,,,,,,,,Mgst3,,,,Trappc6a,
,,,,,,,,,,,,,,,,,,,,,,,,,,,,,,,,,,Mif,,,,Trem2,
,,,,,,,,,,,,,,,,,,,,,,,,,,,,,,,,,,Mipep,,,,Trim25,
,,,,,,,,,,,,,,,,,,,,,,,,,,,,,,,,,,Mitd1,,,,Trim62,
,,,,,,,,,,,,,,,,,,,,,,,,,,,,,,,,,,Mllt3,,,,Trip10,
,,,,,,,,,,,,,,,,,,,,,,,,,,,,,,,,,,Mlxip,,,,Trmt1l,
,,,,,,,,,,,,,,,,,,,,,,,,,,,,,,,,,,Mmp15,,,,Trpm3,
,,,,,,,,,,,,,,,,,,,,,,,,,,,,,,,,,,Mob2,,,,Trpv2,
,,,,,,,,,,,,,,,,,,,,,,,,,,,,,,,,,,Mon1a,,,,Tshz3,
,,,,,,,,,,,,,,,,,,,,,,,,,,,,,,,,,,Morc3,,,,Tssk6,
,,,,,,,,,,,,,,,,,,,,,,,,,,,,,,,,,,Mospd1,,,,Tuba8,
,,,,,,,,,,,,,,,,,,,,,,,,,,,,,,,,,,Mpc1,,,,Tubb2b,
,,,,,,,,,,,,,,,,,,,,,,,,,,,,,,,,,,Mpi,,,,Uba2,
,,,,,,,,,,,,,,,,,,,,,,,,,,,,,,,,,,Mppe1,,,,Ubash3a,
,,,,,,,,,,,,,,,,,,,,,,,,,,,,,,,,,,Mprip,,,,Ube2ql1,
,,,,,,,,,,,,,,,,,,,,,,,,,,,,,,,,,,Mrpl11,,,,Ubtd2,
,,,,,,,,,,,,,,,,,,,,,,,,,,,,,,,,,,Mrpl18,,,,Unc13b,
,,,,,,,,,,,,,,,,,,,,,,,,,,,,,,,,,,Mrpl4,,,,Unc5b,
,,,,,,,,,,,,,,,,,,,,,,,,,,,,,,,,,,Mrpl42,,,,Usp11,
,,,,,,,,,,,,,,,,,,,,,,,,,,,,,,,,,,Mrpl45,,,,Vamp2,
,,,,,,,,,,,,,,,,,,,,,,,,,,,,,,,,,,Mrps16,,,,Vamp8,
,,,,,,,,,,,,,,,,,,,,,,,,,,,,,,,,,,Mrps17,,,,Vav3,
,,,,,,,,,,,,,,,,,,,,,,,,,,,,,,,,,,Mrps2,,,,Vps37b,
,,,,,,,,,,,,,,,,,,,,,,,,,,,,,,,,,,Mrps36,,,,Vwa1,
,,,,,,,,,,,,,,,,,,,,,,,,,,,,,,,,,,Mrps6,,,,Wasf2,
,,,,,,,,,,,,,,,,,,,,,,,,,,,,,,,,,,Mrps9,,,,Wdr6,
,,,,,,,,,,,,,,,,,,,,,,,,,,,,,,,,,,Mrs2,,,,Wdr76,
,,,,,,,,,,,,,,,,,,,,,,,,,,,,,,,,,,Msantd3,,,,Wdr90,
,,,,,,,,,,,,,,,,,,,,,,,,,,,,,,,,,,Msantd4,,,,Wls,
,,,,,,,,,,,,,,,,,,,,,,,,,,,,,,,,,,Msh3,,,,Wnt3,
,,,,,,,,,,,,,,,,,,,,,,,,,,,,,,,,,,Msh6,,,,Wwc1,
,,,,,,,,,,,,,,,,,,,,,,,,,,,,,,,,,,Msl3,,,,Xab2,
,,,,,,,,,,,,,,,,,,,,,,,,,,,,,,,,,,Mt1,,,,Xist,
,,,,,,,,,,,,,,,,,,,,,,,,,,,,,,,,,,Mt3,,,,Xpo6,
,,,,,,,,,,,,,,,,,,,,,,,,,,,,,,,,,,Mtap,,,,Ybx1,
,,,,,,,,,,,,,,,,,,,,,,,,,,,,,,,,,,Mtfp1,,,,Zbtb8a,
,,,,,,,,,,,,,,,,,,,,,,,,,,,,,,,,,,Mtfr1,,,,Zfp142,
,,,,,,,,,,,,,,,,,,,,,,,,,,,,,,,,,,Mtif3,,,,Zfp185,
,,,,,,,,,,,,,,,,,,,,,,,,,,,,,,,,,,Mtmr6,,,,Zfp319,
,,,,,,,,,,,,,,,,,,,,,,,,,,,,,,,,,,Mtus1,,,,Zfp57,
,,,,,,,,,,,,,,,,,,,,,,,,,,,,,,,,,,Mtus2,,,,Zfp646,
,,,,,,,,,,,,,,,,,,,,,,,,,,,,,,,,,,Mtx1,,,,Zfyve1,
,,,,,,,,,,,,,,,,,,,,,,,,,,,,,,,,,,Mul1,,,,Zmynd11,
,,,,,,,,,,,,,,,,,,,,,,,,,,,,,,,,,,Mvb12b,,,,,
,,,,,,,,,,,,,,,,,,,,,,,,,,,,,,,,,,Myadml2,,,,,
,,,,,,,,,,,,,,,,,,,,,,,,,,,,,,,,,,Myh10,,,,,
,,,,,,,,,,,,,,,,,,,,,,,,,,,,,,,,,,Myh7b,,,,,
,,,,,,,,,,,,,,,,,,,,,,,,,,,,,,,,,,Myo16,,,,,
,,,,,,,,,,,,,,,,,,,,,,,,,,,,,,,,,,Myo19,,,,,
,,,,,,,,,,,,,,,,,,,,,,,,,,,,,,,,,,Myrip,,,,,
,,,,,,,,,,,,,,,,,,,,,,,,,,,,,,,,,,Naa35,,,,,
,,,,,,,,,,,,,,,,,,,,,,,,,,,,,,,,,,Nacad,,,,,
,,,,,,,,,,,,,,,,,,,,,,,,,,,,,,,,,,Nae1,,,,,
,,,,,,,,,,,,,,,,,,,,,,,,,,,,,,,,,,Nap1l2,,,,,
,,,,,,,,,,,,,,,,,,,,,,,,,,,,,,,,,,Nat8l,,,,,
,,,,,,,,,,,,,,,,,,,,,,,,,,,,,,,,,,Ncaph2,,,,,
,,,,,,,,,,,,,,,,,,,,,,,,,,,,,,,,,,Nckap1,,,,,
,,,,,,,,,,,,,,,,,,,,,,,,,,,,,,,,,,Nckipsd,,,,,
,,,,,,,,,,,,,,,,,,,,,,,,,,,,,,,,,,Ndfip2,,,,,
,,,,,,,,,,,,,,,,,,,,,,,,,,,,,,,,,,Ndrg3,,,,,
,,,,,,,,,,,,,,,,,,,,,,,,,,,,,,,,,,Ndufaf2,,,,,
,,,,,,,,,,,,,,,,,,,,,,,,,,,,,,,,,,Ndufaf4,,,,,
,,,,,,,,,,,,,,,,,,,,,,,,,,,,,,,,,,Ndufc2,,,,,
,,,,,,,,,,,,,,,,,,,,,,,,,,,,,,,,,,Nedd9,,,,,
,,,,,,,,,,,,,,,,,,,,,,,,,,,,,,,,,,Nefl,,,,,
,,,,,,,,,,,,,,,,,,,,,,,,,,,,,,,,,,Net1,,,,,
,,,,,,,,,,,,,,,,,,,,,,,,,,,,,,,,,,Nexn,,,,,
,,,,,,,,,,,,,,,,,,,,,,,,,,,,,,,,,,Nfatc2,,,,,
,,,,,,,,,,,,,,,,,,,,,,,,,,,,,,,,,,Nfkb1,,,,,
,,,,,,,,,,,,,,,,,,,,,,,,,,,,,,,,,,Nit1,,,,,
,,,,,,,,,,,,,,,,,,,,,,,,,,,,,,,,,,Nkiras1,,,,,
,,,,,,,,,,,,,,,,,,,,,,,,,,,,,,,,,,Nkrf,,,,,
,,,,,,,,,,,,,,,,,,,,,,,,,,,,,,,,,,Nmnat1,,,,,
,,,,,,,,,,,,,,,,,,,,,,,,,,,,,,,,,,Nmrk1,,,,,
,,,,,,,,,,,,,,,,,,,,,,,,,,,,,,,,,,Nol4,,,,,
,,,,,,,,,,,,,,,,,,,,,,,,,,,,,,,,,,Nop56,,,,,
,,,,,,,,,,,,,,,,,,,,,,,,,,,,,,,,,,Nop9,,,,,
,,,,,,,,,,,,,,,,,,,,,,,,,,,,,,,,,,Nos1,,,,,
,,,,,,,,,,,,,,,,,,,,,,,,,,,,,,,,,,Nr1d2,,,,,
,,,,,,,,,,,,,,,,,,,,,,,,,,,,,,,,,,Nr2f6,,,,,
,,,,,,,,,,,,,,,,,,,,,,,,,,,,,,,,,,Nrg1,,,,,
,,,,,,,,,,,,,,,,,,,,,,,,,,,,,,,,,,Nrp2,,,,,
,,,,,,,,,,,,,,,,,,,,,,,,,,,,,,,,,,Nsa2,,,,,
,,,,,,,,,,,,,,,,,,,,,,,,,,,,,,,,,,Nsmaf,,,,,
,,,,,,,,,,,,,,,,,,,,,,,,,,,,,,,,,,Nt5c3,,,,,
,,,,,,,,,,,,,,,,,,,,,,,,,,,,,,,,,,Ntm,,,,,
,,,,,,,,,,,,,,,,,,,,,,,,,,,,,,,,,,Nuak1,,,,,
,,,,,,,,,,,,,,,,,,,,,,,,,,,,,,,,,,Nudt19,,,,,
,,,,,,,,,,,,,,,,,,,,,,,,,,,,,,,,,,Ogfr,,,,,
,,,,,,,,,,,,,,,,,,,,,,,,,,,,,,,,,,Ola1,,,,,
,,,,,,,,,,,,,,,,,,,,,,,,,,,,,,,,,,Olfm3,,,,,
,,,,,,,,,,,,,,,,,,,,,,,,,,,,,,,,,,Oprl1,,,,,
,,,,,,,,,,,,,,,,,,,,,,,,,,,,,,,,,,Osbp2,,,,,
,,,,,,,,,,,,,,,,,,,,,,,,,,,,,,,,,,Osbpl1a,,,,,
,,,,,,,,,,,,,,,,,,,,,,,,,,,,,,,,,,Osbpl3,,,,,
,,,,,,,,,,,,,,,,,,,,,,,,,,,,,,,,,,Ostf1,,,,,
,,,,,,,,,,,,,,,,,,,,,,,,,,,,,,,,,,Oxnad1,,,,,
,,,,,,,,,,,,,,,,,,,,,,,,,,,,,,,,,,P2rx6,,,,,
,,,,,,,,,,,,,,,,,,,,,,,,,,,,,,,,,,Pacs2,,,,,
,,,,,,,,,,,,,,,,,,,,,,,,,,,,,,,,,,Pacsin1,,,,,
,,,,,,,,,,,,,,,,,,,,,,,,,,,,,,,,,,Pafah1b1,,,,,
,,,,,,,,,,,,,,,,,,,,,,,,,,,,,,,,,,Pak1,,,,,
,,,,,,,,,,,,,,,,,,,,,,,,,,,,,,,,,,Panx1,,,,,
,,,,,,,,,,,,,,,,,,,,,,,,,,,,,,,,,,Panx2,,,,,
,,,,,,,,,,,,,,,,,,,,,,,,,,,,,,,,,,Paqr4,,,,,
,,,,,,,,,,,,,,,,,,,,,,,,,,,,,,,,,,Paqr7,,,,,
,,,,,,,,,,,,,,,,,,,,,,,,,,,,,,,,,,Paqr8,,,,,
,,,,,,,,,,,,,,,,,,,,,,,,,,,,,,,,,,Paqr9,,,,,
,,,,,,,,,,,,,,,,,,,,,,,,,,,,,,,,,,Pard6a,,,,,
,,,,,,,,,,,,,,,,,,,,,,,,,,,,,,,,,,Parp1,,,,,
,,,,,,,,,,,,,,,,,,,,,,,,,,,,,,,,,,Parva,,,,,
,,,,,,,,,,,,,,,,,,,,,,,,,,,,,,,,,,Patl1,,,,,
,,,,,,,,,,,,,,,,,,,,,,,,,,,,,,,,,,Pbx1,,,,,
,,,,,,,,,,,,,,,,,,,,,,,,,,,,,,,,,,Pcbp4,,,,,
,,,,,,,,,,,,,,,,,,,,,,,,,,,,,,,,,,Pcgf1,,,,,
,,,,,,,,,,,,,,,,,,,,,,,,,,,,,,,,,,Pcm1,,,,,
,,,,,,,,,,,,,,,,,,,,,,,,,,,,,,,,,,Pcnx2,,,,,
,,,,,,,,,,,,,,,,,,,,,,,,,,,,,,,,,,Pcsk2,,,,,
,,,,,,,,,,,,,,,,,,,,,,,,,,,,,,,,,,Pcsk5,,,,,
,,,,,,,,,,,,,,,,,,,,,,,,,,,,,,,,,,Pctp,,,,,
,,,,,,,,,,,,,,,,,,,,,,,,,,,,,,,,,,Pcyt1a,,,,,
,,,,,,,,,,,,,,,,,,,,,,,,,,,,,,,,,,Pcyt1b,,,,,
,,,,,,,,,,,,,,,,,,,,,,,,,,,,,,,,,,Pdp1,,,,,
,,,,,,,,,,,,,,,,,,,,,,,,,,,,,,,,,,Pdxp,,,,,
,,,,,,,,,,,,,,,,,,,,,,,,,,,,,,,,,,Pdzd2,,,,,
,,,,,,,,,,,,,,,,,,,,,,,,,,,,,,,,,,Peak1,,,,,
,,,,,,,,,,,,,,,,,,,,,,,,,,,,,,,,,,Pecr,,,,,
,,,,,,,,,,,,,,,,,,,,,,,,,,,,,,,,,,Peg13,,,,,
,,,,,,,,,,,,,,,,,,,,,,,,,,,,,,,,,,Peg3,,,,,
,,,,,,,,,,,,,,,,,,,,,,,,,,,,,,,,,,Pet100,,,,,
,,,,,,,,,,,,,,,,,,,,,,,,,,,,,,,,,,Pfkfb2,,,,,
,,,,,,,,,,,,,,,,,,,,,,,,,,,,,,,,,,Pfkm,,,,,
,,,,,,,,,,,,,,,,,,,,,,,,,,,,,,,,,,Pfkp,,,,,
,,,,,,,,,,,,,,,,,,,,,,,,,,,,,,,,,,Pgbd5,,,,,
,,,,,,,,,,,,,,,,,,,,,,,,,,,,,,,,,,Pgd,,,,,
,,,,,,,,,,,,,,,,,,,,,,,,,,,,,,,,,,Pgf,,,,,
,,,,,,,,,,,,,,,,,,,,,,,,,,,,,,,,,,Pgm2l1,,,,,
,,,,,,,,,,,,,,,,,,,,,,,,,,,,,,,,,,Phf24,,,,,
,,,,,,,,,,,,,,,,,,,,,,,,,,,,,,,,,,Phka1,,,,,
,,,,,,,,,,,,,,,,,,,,,,,,,,,,,,,,,,Phlda3,,,,,
,,,,,,,,,,,,,,,,,,,,,,,,,,,,,,,,,,Phyhip,,,,,
,,,,,,,,,,,,,,,,,,,,,,,,,,,,,,,,,,Pigc,,,,,
,,,,,,,,,,,,,,,,,,,,,,,,,,,,,,,,,,Pik3c2b,,,,,
,,,,,,,,,,,,,,,,,,,,,,,,,,,,,,,,,,Pik3cb,,,,,
,,,,,,,,,,,,,,,,,,,,,,,,,,,,,,,,,,Pik3r1,,,,,
,,,,,,,,,,,,,,,,,,,,,,,,,,,,,,,,,,Pik3r4,,,,,
,,,,,,,,,,,,,,,,,,,,,,,,,,,,,,,,,,Pim3,,,,,
,,,,,,,,,,,,,,,,,,,,,,,,,,,,,,,,,,Pip4k2a,,,,,
,,,,,,,,,,,,,,,,,,,,,,,,,,,,,,,,,,Pitpna,,,,,
,,,,,,,,,,,,,,,,,,,,,,,,,,,,,,,,,,Pitpnc1,,,,,
,,,,,,,,,,,,,,,,,,,,,,,,,,,,,,,,,,Plcb1,,,,,
,,,,,,,,,,,,,,,,,,,,,,,,,,,,,,,,,,Plcl1,,,,,
,,,,,,,,,,,,,,,,,,,,,,,,,,,,,,,,,,Pld5,,,,,
,,,,,,,,,,,,,,,,,,,,,,,,,,,,,,,,,,Plekha2,,,,,
,,,,,,,,,,,,,,,,,,,,,,,,,,,,,,,,,,Plekhm3,,,,,
,,,,,,,,,,,,,,,,,,,,,,,,,,,,,,,,,,Plppr3,,,,,
,,,,,,,,,,,,,,,,,,,,,,,,,,,,,,,,,,Plvap,,,,,
,,,,,,,,,,,,,,,,,,,,,,,,,,,,,,,,,,Plxna4,,,,,
,,,,,,,,,,,,,,,,,,,,,,,,,,,,,,,,,,Pnkd,,,,,
,,,,,,,,,,,,,,,,,,,,,,,,,,,,,,,,,,Pnpla3,,,,,
,,,,,,,,,,,,,,,,,,,,,,,,,,,,,,,,,,Poldip2,,,,,
,,,,,,,,,,,,,,,,,,,,,,,,,,,,,,,,,,Polr3b,,,,,
,,,,,,,,,,,,,,,,,,,,,,,,,,,,,,,,,,Pop5,,,,,
,,,,,,,,,,,,,,,,,,,,,,,,,,,,,,,,,,Ppa2,,,,,
,,,,,,,,,,,,,,,,,,,,,,,,,,,,,,,,,,Ppargc1a,,,,,
,,,,,,,,,,,,,,,,,,,,,,,,,,,,,,,,,,Ppargc1b,,,,,
,,,,,,,,,,,,,,,,,,,,,,,,,,,,,,,,,,Ppcs,,,,,
,,,,,,,,,,,,,,,,,,,,,,,,,,,,,,,,,,Ppid,,,,,
,,,,,,,,,,,,,,,,,,,,,,,,,,,,,,,,,,Ppif,,,,,
,,,,,,,,,,,,,,,,,,,,,,,,,,,,,,,,,,Ppip5k1,,,,,
,,,,,,,,,,,,,,,,,,,,,,,,,,,,,,,,,,Ppip5k2,,,,,
,,,,,,,,,,,,,,,,,,,,,,,,,,,,,,,,,,Ppm1b,,,,,
,,,,,,,,,,,,,,,,,,,,,,,,,,,,,,,,,,Ppm1e,,,,,
,,,,,,,,,,,,,,,,,,,,,,,,,,,,,,,,,,Ppm1j,,,,,
,,,,,,,,,,,,,,,,,,,,,,,,,,,,,,,,,,Ppp1r12c,,,,,
,,,,,,,,,,,,,,,,,,,,,,,,,,,,,,,,,,Ppp1r16b,,,,,
,,,,,,,,,,,,,,,,,,,,,,,,,,,,,,,,,,Ppp1r7,,,,,
,,,,,,,,,,,,,,,,,,,,,,,,,,,,,,,,,,Ppp1r8,,,,,
,,,,,,,,,,,,,,,,,,,,,,,,,,,,,,,,,,Ppp1r9a,,,,,
,,,,,,,,,,,,,,,,,,,,,,,,,,,,,,,,,,Ppp2r2b,,,,,
,,,,,,,,,,,,,,,,,,,,,,,,,,,,,,,,,,Ppp2r2c,,,,,
,,,,,,,,,,,,,,,,,,,,,,,,,,,,,,,,,,Ppp2r5e,,,,,
,,,,,,,,,,,,,,,,,,,,,,,,,,,,,,,,,,Ppp3cc,,,,,
,,,,,,,,,,,,,,,,,,,,,,,,,,,,,,,,,,Pptc7,,,,,
,,,,,,,,,,,,,,,,,,,,,,,,,,,,,,,,,,Prepl,,,,,
,,,,,,,,,,,,,,,,,,,,,,,,,,,,,,,,,,Prkag1,,,,,
,,,,,,,,,,,,,,,,,,,,,,,,,,,,,,,,,,Prkar2b,,,,,
,,,,,,,,,,,,,,,,,,,,,,,,,,,,,,,,,,Prkcb,,,,,
,,,,,,,,,,,,,,,,,,,,,,,,,,,,,,,,,,Prmt9,,,,,
,,,,,,,,,,,,,,,,,,,,,,,,,,,,,,,,,,Prox1,,,,,
,,,,,,,,,,,,,,,,,,,,,,,,,,,,,,,,,,Prpf19,,,,,
,,,,,,,,,,,,,,,,,,,,,,,,,,,,,,,,,,Prps1,,,,,
,,,,,,,,,,,,,,,,,,,,,,,,,,,,,,,,,,Prr3,,,,,
,,,,,,,,,,,,,,,,,,,,,,,,,,,,,,,,,,Prrt3,,,,,
,,,,,,,,,,,,,,,,,,,,,,,,,,,,,,,,,,Psmb10,,,,,
,,,,,,,,,,,,,,,,,,,,,,,,,,,,,,,,,,Psmd5,,,,,
,,,,,,,,,,,,,,,,,,,,,,,,,,,,,,,,,,Psme3,,,,,
,,,,,,,,,,,,,,,,,,,,,,,,,,,,,,,,,,Psmf1,,,,,
,,,,,,,,,,,,,,,,,,,,,,,,,,,,,,,,,,Psmg3,,,,,
,,,,,,,,,,,,,,,,,,,,,,,,,,,,,,,,,,Ptcd1,,,,,
,,,,,,,,,,,,,,,,,,,,,,,,,,,,,,,,,,Ptcd2,,,,,
,,,,,,,,,,,,,,,,,,,,,,,,,,,,,,,,,,Ptdss2,,,,,
,,,,,,,,,,,,,,,,,,,,,,,,,,,,,,,,,,Pten,,,,,
,,,,,,,,,,,,,,,,,,,,,,,,,,,,,,,,,,Ptgr2,,,,,
,,,,,,,,,,,,,,,,,,,,,,,,,,,,,,,,,,Ptpmt1,,,,,
,,,,,,,,,,,,,,,,,,,,,,,,,,,,,,,,,,Ptpn3,,,,,
,,,,,,,,,,,,,,,,,,,,,,,,,,,,,,,,,,Ptprr,,,,,
,,,,,,,,,,,,,,,,,,,,,,,,,,,,,,,,,,Ptrh2,,,,,
,,,,,,,,,,,,,,,,,,,,,,,,,,,,,,,,,,Qrich1,,,,,
,,,,,,,,,,,,,,,,,,,,,,,,,,,,,,,,,,R3hcc1,,,,,
,,,,,,,,,,,,,,,,,,,,,,,,,,,,,,,,,,Rab11fip4,,,,,
,,,,,,,,,,,,,,,,,,,,,,,,,,,,,,,,,,Rab11fip5,,,,,
,,,,,,,,,,,,,,,,,,,,,,,,,,,,,,,,,,Rab15,,,,,
,,,,,,,,,,,,,,,,,,,,,,,,,,,,,,,,,,Rab3ip,,,,,
,,,,,,,,,,,,,,,,,,,,,,,,,,,,,,,,,,Rab6b,,,,,
,,,,,,,,,,,,,,,,,,,,,,,,,,,,,,,,,,Rabgap1l,,,,,
,,,,,,,,,,,,,,,,,,,,,,,,,,,,,,,,,,Rabgef1,,,,,
,,,,,,,,,,,,,,,,,,,,,,,,,,,,,,,,,,Rabl2,,,,,
,,,,,,,,,,,,,,,,,,,,,,,,,,,,,,,,,,Rad21,,,,,
,,,,,,,,,,,,,,,,,,,,,,,,,,,,,,,,,,Ralb,,,,,
,,,,,,,,,,,,,,,,,,,,,,,,,,,,,,,,,,Ranbp6,,,,,
,,,,,,,,,,,,,,,,,,,,,,,,,,,,,,,,,,Rap1a,,,,,
,,,,,,,,,,,,,,,,,,,,,,,,,,,,,,,,,,Rap2a,,,,,
,,,,,,,,,,,,,,,,,,,,,,,,,,,,,,,,,,Rapgef4,,,,,
,,,,,,,,,,,,,,,,,,,,,,,,,,,,,,,,,,Rars2,,,,,
,,,,,,,,,,,,,,,,,,,,,,,,,,,,,,,,,,Rasgrp2,,,,,
,,,,,,,,,,,,,,,,,,,,,,,,,,,,,,,,,,Rasgrp4,,,,,
,,,,,,,,,,,,,,,,,,,,,,,,,,,,,,,,,,Rasl10b,,,,,
,,,,,,,,,,,,,,,,,,,,,,,,,,,,,,,,,,Rassf4,,,,,
,,,,,,,,,,,,,,,,,,,,,,,,,,,,,,,,,,Rbfox3,,,,,
,,,,,,,,,,,,,,,,,,,,,,,,,,,,,,,,,,Rcan1,,,,,
,,,,,,,,,,,,,,,,,,,,,,,,,,,,,,,,,,Rcan2,,,,,
,,,,,,,,,,,,,,,,,,,,,,,,,,,,,,,,,,Rcbtb1,,,,,
,,,,,,,,,,,,,,,,,,,,,,,,,,,,,,,,,,Rcc2,,,,,
,,,,,,,,,,,,,,,,,,,,,,,,,,,,,,,,,,Rdh14,,,,,
,,,,,,,,,,,,,,,,,,,,,,,,,,,,,,,,,,Rdm1,,,,,
,,,,,,,,,,,,,,,,,,,,,,,,,,,,,,,,,,Reep1,,,,,
,,,,,,,,,,,,,,,,,,,,,,,,,,,,,,,,,,Reep2,,,,,
,,,,,,,,,,,,,,,,,,,,,,,,,,,,,,,,,,Reep3,,,,,
,,,,,,,,,,,,,,,,,,,,,,,,,,,,,,,,,,Reep5,,,,,
,,,,,,,,,,,,,,,,,,,,,,,,,,,,,,,,,,Relt,,,,,
,,,,,,,,,,,,,,,,,,,,,,,,,,,,,,,,,,Resp18,,,,,
,,,,,,,,,,,,,,,,,,,,,,,,,,,,,,,,,,Rgma,,,,,
,,,,,,,,,,,,,,,,,,,,,,,,,,,,,,,,,,Rgs2,,,,,
,,,,,,,,,,,,,,,,,,,,,,,,,,,,,,,,,,Rgs7bp,,,,,
,,,,,,,,,,,,,,,,,,,,,,,,,,,,,,,,,,Rhobtb2,,,,,
,,,,,,,,,,,,,,,,,,,,,,,,,,,,,,,,,,Rhof,,,,,
,,,,,,,,,,,,,,,,,,,,,,,,,,,,,,,,,,Rimkla,,,,,
,,,,,,,,,,,,,,,,,,,,,,,,,,,,,,,,,,Riok3,,,,,
,,,,,,,,,,,,,,,,,,,,,,,,,,,,,,,,,,Rita1,,,,,
,,,,,,,,,,,,,,,,,,,,,,,,,,,,,,,,,,Rnd2,,,,,
,,,,,,,,,,,,,,,,,,,,,,,,,,,,,,,,,,Rnf11,,,,,
,,,,,,,,,,,,,,,,,,,,,,,,,,,,,,,,,,Rnf115,,,,,
,,,,,,,,,,,,,,,,,,,,,,,,,,,,,,,,,,Rnf121,,,,,
,,,,,,,,,,,,,,,,,,,,,,,,,,,,,,,,,,Rnf123,,,,,
,,,,,,,,,,,,,,,,,,,,,,,,,,,,,,,,,,Rnf157,,,,,
,,,,,,,,,,,,,,,,,,,,,,,,,,,,,,,,,,Rnf208,,,,,
,,,,,,,,,,,,,,,,,,,,,,,,,,,,,,,,,,Rnf219,,,,,
,,,,,,,,,,,,,,,,,,,,,,,,,,,,,,,,,,Rnf26,,,,,
,,,,,,,,,,,,,,,,,,,,,,,,,,,,,,,,,,Rnf40,,,,,
,,,,,,,,,,,,,,,,,,,,,,,,,,,,,,,,,,Robo1,,,,,
,,,,,,,,,,,,,,,,,,,,,,,,,,,,,,,,,,Rora,,,,,
,,,,,,,,,,,,,,,,,,,,,,,,,,,,,,,,,,Rpap3,,,,,
,,,,,,,,,,,,,,,,,,,,,,,,,,,,,,,,,,Rpl7l1,,,,,
,,,,,,,,,,,,,,,,,,,,,,,,,,,,,,,,,,Rpp21,,,,,
,,,,,,,,,,,,,,,,,,,,,,,,,,,,,,,,,,Rps6ka1,,,,,
,,,,,,,,,,,,,,,,,,,,,,,,,,,,,,,,,,Rps6ka2,,,,,
,,,,,,,,,,,,,,,,,,,,,,,,,,,,,,,,,,Rtca,,,,,
,,,,,,,,,,,,,,,,,,,,,,,,,,,,,,,,,,Rtkn,,,,,
,,,,,,,,,,,,,,,,,,,,,,,,,,,,,,,,,,Rtn2,,,,,
,,,,,,,,,,,,,,,,,,,,,,,,,,,,,,,,,,Rtn4ip1,,,,,
,,,,,,,,,,,,,,,,,,,,,,,,,,,,,,,,,,Rtn4rl1,,,,,
,,,,,,,,,,,,,,,,,,,,,,,,,,,,,,,,,,Rtn4rl2,,,,,
,,,,,,,,,,,,,,,,,,,,,,,,,,,,,,,,,,Rubcn,,,,,
,,,,,,,,,,,,,,,,,,,,,,,,,,,,,,,,,,Runx1,,,,,
,,,,,,,,,,,,,,,,,,,,,,,,,,,,,,,,,,Runx1t1,,,,,
,,,,,,,,,,,,,,,,,,,,,,,,,,,,,,,,,,Rusc2,,,,,
,,,,,,,,,,,,,,,,,,,,,,,,,,,,,,,,,,Ryr2,,,,,
,,,,,,,,,,,,,,,,,,,,,,,,,,,,,,,,,,S100b,,,,,
,,,,,,,,,,,,,,,,,,,,,,,,,,,,,,,,,,Scarb2,,,,,
,,,,,,,,,,,,,,,,,,,,,,,,,,,,,,,,,,Scg3,,,,,
,,,,,,,,,,,,,,,,,,,,,,,,,,,,,,,,,,Scly,,,,,
,,,,,,,,,,,,,,,,,,,,,,,,,,,,,,,,,,Scn1a,,,,,
,,,,,,,,,,,,,,,,,,,,,,,,,,,,,,,,,,Scn1b,,,,,
,,,,,,,,,,,,,,,,,,,,,,,,,,,,,,,,,,Scn4b,,,,,
,,,,,,,,,,,,,,,,,,,,,,,,,,,,,,,,,,Scn8a,,,,,
,,,,,,,,,,,,,,,,,,,,,,,,,,,,,,,,,,Scrt1,,,,,
,,,,,,,,,,,,,,,,,,,,,,,,,,,,,,,,,,Sdc4,,,,,
,,,,,,,,,,,,,,,,,,,,,,,,,,,,,,,,,,Sec31a,,,,,
,,,,,,,,,,,,,,,,,,,,,,,,,,,,,,,,,,Seh1l,,,,,
,,,,,,,,,,,,,,,,,,,,,,,,,,,,,,,,,,Sema3d,,,,,
,,,,,,,,,,,,,,,,,,,,,,,,,,,,,,,,,,Sema3e,,,,,
,,,,,,,,,,,,,,,,,,,,,,,,,,,,,,,,,,Sema6b,,,,,
,,,,,,,,,,,,,,,,,,,,,,,,,,,,,,,,,,Sema7a,,,,,
,,,,,,,,,,,,,,,,,,,,,,,,,,,,,,,,,,Sephs2,,,,,
,,,,,,,,,,,,,,,,,,,,,,,,,,,,,,,,,,Serp2,,,,,
,,,,,,,,,,,,,,,,,,,,,,,,,,,,,,,,,,Sertm1,,,,,
,,,,,,,,,,,,,,,,,,,,,,,,,,,,,,,,,,Setx,,,,,
,,,,,,,,,,,,,,,,,,,,,,,,,,,,,,,,,,Sez6l2,,,,,
,,,,,,,,,,,,,,,,,,,,,,,,,,,,,,,,,,Sf3a2,,,,,
,,,,,,,,,,,,,,,,,,,,,,,,,,,,,,,,,,Sfmbt1,,,,,
,,,,,,,,,,,,,,,,,,,,,,,,,,,,,,,,,,Sfxn3,,,,,
,,,,,,,,,,,,,,,,,,,,,,,,,,,,,,,,,,Sfxn5,,,,,
,,,,,,,,,,,,,,,,,,,,,,,,,,,,,,,,,,Sgsm1,,,,,
,,,,,,,,,,,,,,,,,,,,,,,,,,,,,,,,,,Sh2d7,,,,,
,,,,,,,,,,,,,,,,,,,,,,,,,,,,,,,,,,Sh3bgr,,,,,
,,,,,,,,,,,,,,,,,,,,,,,,,,,,,,,,,,Sh3bp1,,,,,
,,,,,,,,,,,,,,,,,,,,,,,,,,,,,,,,,,Sh3bp5l,,,,,
,,,,,,,,,,,,,,,,,,,,,,,,,,,,,,,,,,Shb,,,,,
,,,,,,,,,,,,,,,,,,,,,,,,,,,,,,,,,,Shd,,,,,
,,,,,,,,,,,,,,,,,,,,,,,,,,,,,,,,,,Shisa4,,,,,
,,,,,,,,,,,,,,,,,,,,,,,,,,,,,,,,,,Siah3,,,,,
,,,,,,,,,,,,,,,,,,,,,,,,,,,,,,,,,,Sirt5,,,,,
,,,,,,,,,,,,,,,,,,,,,,,,,,,,,,,,,,Six4,,,,,
,,,,,,,,,,,,,,,,,,,,,,,,,,,,,,,,,,Slc11a2,,,,,
,,,,,,,,,,,,,,,,,,,,,,,,,,,,,,,,,,Slc16a1,,,,,
,,,,,,,,,,,,,,,,,,,,,,,,,,,,,,,,,,Slc17a7,,,,,
,,,,,,,,,,,,,,,,,,,,,,,,,,,,,,,,,,Slc19a2,,,,,
,,,,,,,,,,,,,,,,,,,,,,,,,,,,,,,,,,Slc20a1,,,,,
,,,,,,,,,,,,,,,,,,,,,,,,,,,,,,,,,,Slc20a2,,,,,
,,,,,,,,,,,,,,,,,,,,,,,,,,,,,,,,,,Slc22a15,,,,,
,,,,,,,,,,,,,,,,,,,,,,,,,,,,,,,,,,Slc22a23,,,,,
,,,,,,,,,,,,,,,,,,,,,,,,,,,,,,,,,,Slc25a14,,,,,
,,,,,,,,,,,,,,,,,,,,,,,,,,,,,,,,,,Slc25a25,,,,,
,,,,,,,,,,,,,,,,,,,,,,,,,,,,,,,,,,Slc25a36,,,,,
,,,,,,,,,,,,,,,,,,,,,,,,,,,,,,,,,,Slc25a46,,,,,
,,,,,,,,,,,,,,,,,,,,,,,,,,,,,,,,,,Slc25a51,,,,,
,,,,,,,,,,,,,,,,,,,,,,,,,,,,,,,,,,Slc27a4,,,,,
,,,,,,,,,,,,,,,,,,,,,,,,,,,,,,,,,,Slc29a2,,,,,
,,,,,,,,,,,,,,,,,,,,,,,,,,,,,,,,,,Slc35a3,,,,,
,,,,,,,,,,,,,,,,,,,,,,,,,,,,,,,,,,Slc35b4,,,,,
,,,,,,,,,,,,,,,,,,,,,,,,,,,,,,,,,,Slc35g2,,,,,
,,,,,,,,,,,,,,,,,,,,,,,,,,,,,,,,,,Slc46a1,,,,,
,,,,,,,,,,,,,,,,,,,,,,,,,,,,,,,,,,Slc48a1,,,,,
,,,,,,,,,,,,,,,,,,,,,,,,,,,,,,,,,,Slc4a2,,,,,
,,,,,,,,,,,,,,,,,,,,,,,,,,,,,,,,,,Slc4a8,,,,,
,,,,,,,,,,,,,,,,,,,,,,,,,,,,,,,,,,Slc6a17,,,,,
,,,,,,,,,,,,,,,,,,,,,,,,,,,,,,,,,,Slc7a1,,,,,
,,,,,,,,,,,,,,,,,,,,,,,,,,,,,,,,,,Slc9a3r2,,,,,
,,,,,,,,,,,,,,,,,,,,,,,,,,,,,,,,,,Slco5a1,,,,,
,,,,,,,,,,,,,,,,,,,,,,,,,,,,,,,,,,Slitrk1,,,,,
,,,,,,,,,,,,,,,,,,,,,,,,,,,,,,,,,,Smarca5,,,,,
,,,,,,,,,,,,,,,,,,,,,,,,,,,,,,,,,,Smarcal1,,,,,
,,,,,,,,,,,,,,,,,,,,,,,,,,,,,,,,,,Smim13,,,,,
,,,,,,,,,,,,,,,,,,,,,,,,,,,,,,,,,,Smpx,,,,,
,,,,,,,,,,,,,,,,,,,,,,,,,,,,,,,,,,Sncb,,,,,
,,,,,,,,,,,,,,,,,,,,,,,,,,,,,,,,,,Snn,,,,,
,,,,,,,,,,,,,,,,,,,,,,,,,,,,,,,,,,Snph,,,,,
,,,,,,,,,,,,,,,,,,,,,,,,,,,,,,,,,,Snrpd3,,,,,
,,,,,,,,,,,,,,,,,,,,,,,,,,,,,,,,,,Sntg2,,,,,
,,,,,,,,,,,,,,,,,,,,,,,,,,,,,,,,,,Snx27,,,,,
,,,,,,,,,,,,,,,,,,,,,,,,,,,,,,,,,,Sorbs1,,,,,
,,,,,,,,,,,,,,,,,,,,,,,,,,,,,,,,,,Sowahb,,,,,
,,,,,,,,,,,,,,,,,,,,,,,,,,,,,,,,,,Spata13,,,,,
,,,,,,,,,,,,,,,,,,,,,,,,,,,,,,,,,,Specc1,,,,,
,,,,,,,,,,,,,,,,,,,,,,,,,,,,,,,,,,Sphk1,,,,,
,,,,,,,,,,,,,,,,,,,,,,,,,,,,,,,,,,Spire2,,,,,
,,,,,,,,,,,,,,,,,,,,,,,,,,,,,,,,,,Spock1,,,,,
,,,,,,,,,,,,,,,,,,,,,,,,,,,,,,,,,,Spock2,,,,,
,,,,,,,,,,,,,,,,,,,,,,,,,,,,,,,,,,Sppl2a,,,,,
,,,,,,,,,,,,,,,,,,,,,,,,,,,,,,,,,,Spr,,,,,
,,,,,,,,,,,,,,,,,,,,,,,,,,,,,,,,,,Spsb4,,,,,
,,,,,,,,,,,,,,,,,,,,,,,,,,,,,,,,,,Sptb,,,,,
,,,,,,,,,,,,,,,,,,,,,,,,,,,,,,,,,,Sptbn2,,,,,
,,,,,,,,,,,,,,,,,,,,,,,,,,,,,,,,,,Sptbn4,,,,,
,,,,,,,,,,,,,,,,,,,,,,,,,,,,,,,,,,Sptssb,,,,,
,,,,,,,,,,,,,,,,,,,,,,,,,,,,,,,,,,Srrm4,,,,,
,,,,,,,,,,,,,,,,,,,,,,,,,,,,,,,,,,Ssbp3,,,,,
,,,,,,,,,,,,,,,,,,,,,,,,,,,,,,,,,,St3gal1,,,,,
,,,,,,,,,,,,,,,,,,,,,,,,,,,,,,,,,,St3gal2,,,,,
,,,,,,,,,,,,,,,,,,,,,,,,,,,,,,,,,,St3gal3,,,,,
,,,,,,,,,,,,,,,,,,,,,,,,,,,,,,,,,,St3gal5,,,,,
,,,,,,,,,,,,,,,,,,,,,,,,,,,,,,,,,,St3gal6,,,,,
,,,,,,,,,,,,,,,,,,,,,,,,,,,,,,,,,,Stard3,,,,,
,,,,,,,,,,,,,,,,,,,,,,,,,,,,,,,,,,Steap2,,,,,
,,,,,,,,,,,,,,,,,,,,,,,,,,,,,,,,,,Stk24,,,,,
,,,,,,,,,,,,,,,,,,,,,,,,,,,,,,,,,,Stk40,,,,,
,,,,,,,,,,,,,,,,,,,,,,,,,,,,,,,,,,Strip2,,,,,
,,,,,,,,,,,,,,,,,,,,,,,,,,,,,,,,,,Stx1b,,,,,
,,,,,,,,,,,,,,,,,,,,,,,,,,,,,,,,,,Stxbp5l,,,,,
,,,,,,,,,,,,,,,,,,,,,,,,,,,,,,,,,,Sucla2,,,,,
,,,,,,,,,,,,,,,,,,,,,,,,,,,,,,,,,,Sugp2,,,,,
,,,,,,,,,,,,,,,,,,,,,,,,,,,,,,,,,,Sulf2,,,,,
,,,,,,,,,,,,,,,,,,,,,,,,,,,,,,,,,,Sun2,,,,,
,,,,,,,,,,,,,,,,,,,,,,,,,,,,,,,,,,Susd6,,,,,
,,,,,,,,,,,,,,,,,,,,,,,,,,,,,,,,,,Sv2b,,,,,
,,,,,,,,,,,,,,,,,,,,,,,,,,,,,,,,,,Sv2c,,,,,
,,,,,,,,,,,,,,,,,,,,,,,,,,,,,,,,,,Syap1,,,,,
,,,,,,,,,,,,,,,,,,,,,,,,,,,,,,,,,,Syde1,,,,,
,,,,,,,,,,,,,,,,,,,,,,,,,,,,,,,,,,Sympk,,,,,
,,,,,,,,,,,,,,,,,,,,,,,,,,,,,,,,,,Syne1,,,,,
,,,,,,,,,,,,,,,,,,,,,,,,,,,,,,,,,,Synj2,,,,,
,,,,,,,,,,,,,,,,,,,,,,,,,,,,,,,,,,Synj2bp,,,,,
,,,,,,,,,,,,,,,,,,,,,,,,,,,,,,,,,,Synm,,,,,
,,,,,,,,,,,,,,,,,,,,,,,,,,,,,,,,,,Sys1,,,,,
,,,,,,,,,,,,,,,,,,,,,,,,,,,,,,,,,,Syt12,,,,,
,,,,,,,,,,,,,,,,,,,,,,,,,,,,,,,,,,Syt2,,,,,
,,,,,,,,,,,,,,,,,,,,,,,,,,,,,,,,,,Syt3,,,,,
,,,,,,,,,,,,,,,,,,,,,,,,,,,,,,,,,,Syt7,,,,,
,,,,,,,,,,,,,,,,,,,,,,,,,,,,,,,,,,Tab1,,,,,
,,,,,,,,,,,,,,,,,,,,,,,,,,,,,,,,,,Tacc2,,,,,
,,,,,,,,,,,,,,,,,,,,,,,,,,,,,,,,,,Tagap1,,,,,
,,,,,,,,,,,,,,,,,,,,,,,,,,,,,,,,,,Tagln3,,,,,
,,,,,,,,,,,,,,,,,,,,,,,,,,,,,,,,,,Tbc1d30,,,,,
,,,,,,,,,,,,,,,,,,,,,,,,,,,,,,,,,,Tbc1d4,,,,,
,,,,,,,,,,,,,,,,,,,,,,,,,,,,,,,,,,Tcea2,,,,,
,,,,,,,,,,,,,,,,,,,,,,,,,,,,,,,,,,Tcn2,,,,,
,,,,,,,,,,,,,,,,,,,,,,,,,,,,,,,,,,Tdp2,,,,,
,,,,,,,,,,,,,,,,,,,,,,,,,,,,,,,,,,Tecpr2,,,,,
,,,,,,,,,,,,,,,,,,,,,,,,,,,,,,,,,,Tesc,,,,,
,,,,,,,,,,,,,,,,,,,,,,,,,,,,,,,,,,Tet1,,,,,
,,,,,,,,,,,,,,,,,,,,,,,,,,,,,,,,,,Tfdp2,,,,,
,,,,,,,,,,,,,,,,,,,,,,,,,,,,,,,,,,Tfip11,,,,,
,,,,,,,,,,,,,,,,,,,,,,,,,,,,,,,,,,Tgfbr3,,,,,
,,,,,,,,,,,,,,,,,,,,,,,,,,,,,,,,,,Thap11,,,,,
,,,,,,,,,,,,,,,,,,,,,,,,,,,,,,,,,,Thoc1,,,,,
,,,,,,,,,,,,,,,,,,,,,,,,,,,,,,,,,,Thoc5,,,,,
,,,,,,,,,,,,,,,,,,,,,,,,,,,,,,,,,,Thrb,,,,,
,,,,,,,,,,,,,,,,,,,,,,,,,,,,,,,,,,Thsd7b,,,,,
,,,,,,,,,,,,,,,,,,,,,,,,,,,,,,,,,,Thtpa,,,,,
,,,,,,,,,,,,,,,,,,,,,,,,,,,,,,,,,,Thy1,,,,,
,,,,,,,,,,,,,,,,,,,,,,,,,,,,,,,,,,Timm10,,,,,
,,,,,,,,,,,,,,,,,,,,,,,,,,,,,,,,,,Tinf2,,,,,
,,,,,,,,,,,,,,,,,,,,,,,,,,,,,,,,,,Tirap,,,,,
,,,,,,,,,,,,,,,,,,,,,,,,,,,,,,,,,,Tlr5,,,,,
,,,,,,,,,,,,,,,,,,,,,,,,,,,,,,,,,,Tm6sf1,,,,,
,,,,,,,,,,,,,,,,,,,,,,,,,,,,,,,,,,Tmem135,,,,,
,,,,,,,,,,,,,,,,,,,,,,,,,,,,,,,,,,Tmem179,,,,,
,,,,,,,,,,,,,,,,,,,,,,,,,,,,,,,,,,Tmem184c,,,,,
,,,,,,,,,,,,,,,,,,,,,,,,,,,,,,,,,,Tmem196,,,,,
,,,,,,,,,,,,,,,,,,,,,,,,,,,,,,,,,,Tmem222,,,,,
,,,,,,,,,,,,,,,,,,,,,,,,,,,,,,,,,,Tmem229b,,,,,
,,,,,,,,,,,,,,,,,,,,,,,,,,,,,,,,,,Tmem240,,,,,
,,,,,,,,,,,,,,,,,,,,,,,,,,,,,,,,,,Tmem246,,,,,
,,,,,,,,,,,,,,,,,,,,,,,,,,,,,,,,,,Tmem29,,,,,
,,,,,,,,,,,,,,,,,,,,,,,,,,,,,,,,,,Tmem41a,,,,,
,,,,,,,,,,,,,,,,,,,,,,,,,,,,,,,,,,Tmem63b,,,,,
,,,,,,,,,,,,,,,,,,,,,,,,,,,,,,,,,,Tmem70,,,,,
,,,,,,,,,,,,,,,,,,,,,,,,,,,,,,,,,,Tmem94,,,,,
,,,,,,,,,,,,,,,,,,,,,,,,,,,,,,,,,,Tmod1,,,,,
,,,,,,,,,,,,,,,,,,,,,,,,,,,,,,,,,,Tnfrsf21,,,,,
,,,,,,,,,,,,,,,,,,,,,,,,,,,,,,,,,,Tob1,,,,,
,,,,,,,,,,,,,,,,,,,,,,,,,,,,,,,,,,Tomm5,,,,,
,,,,,,,,,,,,,,,,,,,,,,,,,,,,,,,,,,Top1,,,,,
,,,,,,,,,,,,,,,,,,,,,,,,,,,,,,,,,,Tor2a,,,,,
,,,,,,,,,,,,,,,,,,,,,,,,,,,,,,,,,,Tpbgl,,,,,
,,,,,,,,,,,,,,,,,,,,,,,,,,,,,,,,,,Tpgs2,,,,,
,,,,,,,,,,,,,,,,,,,,,,,,,,,,,,,,,,Tpm1,,,,,
,,,,,,,,,,,,,,,,,,,,,,,,,,,,,,,,,,Traf3,,,,,
,,,,,,,,,,,,,,,,,,,,,,,,,,,,,,,,,,Trhde,,,,,
,,,,,,,,,,,,,,,,,,,,,,,,,,,,,,,,,,Trim36,,,,,
,,,,,,,,,,,,,,,,,,,,,,,,,,,,,,,,,,Trim37,,,,,
,,,,,,,,,,,,,,,,,,,,,,,,,,,,,,,,,,Trmt13,,,,,
,,,,,,,,,,,,,,,,,,,,,,,,,,,,,,,,,,Trpm2,,,,,
,,,,,,,,,,,,,,,,,,,,,,,,,,,,,,,,,,Tsc22d3,,,,,
,,,,,,,,,,,,,,,,,,,,,,,,,,,,,,,,,,Tsc22d4,,,,,
,,,,,,,,,,,,,,,,,,,,,,,,,,,,,,,,,,Tsku,,,,,
,,,,,,,,,,,,,,,,,,,,,,,,,,,,,,,,,,Tspan17,,,,,
,,,,,,,,,,,,,,,,,,,,,,,,,,,,,,,,,,Tspyl5,,,,,
,,,,,,,,,,,,,,,,,,,,,,,,,,,,,,,,,,Tstd3,,,,,
,,,,,,,,,,,,,,,,,,,,,,,,,,,,,,,,,,Ttbk1,,,,,
,,,,,,,,,,,,,,,,,,,,,,,,,,,,,,,,,,Ttc1,,,,,
,,,,,,,,,,,,,,,,,,,,,,,,,,,,,,,,,,Ttc13,,,,,
,,,,,,,,,,,,,,,,,,,,,,,,,,,,,,,,,,Ttc17,,,,,
,,,,,,,,,,,,,,,,,,,,,,,,,,,,,,,,,,Ttc39a,,,,,
,,,,,,,,,,,,,,,,,,,,,,,,,,,,,,,,,,Ttc39aos1,,,,,
,,,,,,,,,,,,,,,,,,,,,,,,,,,,,,,,,,Ttc39b,,,,,
,,,,,,,,,,,,,,,,,,,,,,,,,,,,,,,,,,Ttc9b,,,,,
,,,,,,,,,,,,,,,,,,,,,,,,,,,,,,,,,,Ttll5,,,,,
,,,,,,,,,,,,,,,,,,,,,,,,,,,,,,,,,,Tubb3,,,,,
,,,,,,,,,,,,,,,,,,,,,,,,,,,,,,,,,,Tubgcp3,,,,,
,,,,,,,,,,,,,,,,,,,,,,,,,,,,,,,,,,Tubgcp5,,,,,
,,,,,,,,,,,,,,,,,,,,,,,,,,,,,,,,,,Uap1,,,,,
,,,,,,,,,,,,,,,,,,,,,,,,,,,,,,,,,,Ube2e2,,,,,
,,,,,,,,,,,,,,,,,,,,,,,,,,,,,,,,,,Ube2n,,,,,
,,,,,,,,,,,,,,,,,,,,,,,,,,,,,,,,,,Ube2q2,,,,,
,,,,,,,,,,,,,,,,,,,,,,,,,,,,,,,,,,Ube2v2,,,,,
,,,,,,,,,,,,,,,,,,,,,,,,,,,,,,,,,,Ube3b,,,,,
,,,,,,,,,,,,,,,,,,,,,,,,,,,,,,,,,,Ubl4a,,,,,
,,,,,,,,,,,,,,,,,,,,,,,,,,,,,,,,,,Uchl5,,,,,
,,,,,,,,,,,,,,,,,,,,,,,,,,,,,,,,,,Ugcg,,,,,
,,,,,,,,,,,,,,,,,,,,,,,,,,,,,,,,,,Ugp2,,,,,
,,,,,,,,,,,,,,,,,,,,,,,,,,,,,,,,,,Ugt8a,,,,,
,,,,,,,,,,,,,,,,,,,,,,,,,,,,,,,,,,Uhmk1,,,,,
,,,,,,,,,,,,,,,,,,,,,,,,,,,,,,,,,,Ulk1,,,,,
,,,,,,,,,,,,,,,,,,,,,,,,,,,,,,,,,,Unc5a,,,,,
,,,,,,,,,,,,,,,,,,,,,,,,,,,,,,,,,,Uqcc1,,,,,
,,,,,,,,,,,,,,,,,,,,,,,,,,,,,,,,,,Usp10,,,,,
,,,,,,,,,,,,,,,,,,,,,,,,,,,,,,,,,,Usp14,,,,,
,,,,,,,,,,,,,,,,,,,,,,,,,,,,,,,,,,Usp2,,,,,
,,,,,,,,,,,,,,,,,,,,,,,,,,,,,,,,,,Usp33,,,,,
,,,,,,,,,,,,,,,,,,,,,,,,,,,,,,,,,,Usp47,,,,,
,,,,,,,,,,,,,,,,,,,,,,,,,,,,,,,,,,Usp6nl,,,,,
,,,,,,,,,,,,,,,,,,,,,,,,,,,,,,,,,,Usp8,,,,,
,,,,,,,,,,,,,,,,,,,,,,,,,,,,,,,,,,Uspl1,,,,,
,,,,,,,,,,,,,,,,,,,,,,,,,,,,,,,,,,Uvrag,,,,,
,,,,,,,,,,,,,,,,,,,,,,,,,,,,,,,,,,Vars,,,,,
,,,,,,,,,,,,,,,,,,,,,,,,,,,,,,,,,,Vdac2,,,,,
,,,,,,,,,,,,,,,,,,,,,,,,,,,,,,,,,,Vegfa,,,,,
,,,,,,,,,,,,,,,,,,,,,,,,,,,,,,,,,,Vkorc1l1,,,,,
,,,,,,,,,,,,,,,,,,,,,,,,,,,,,,,,,,Vps36,,,,,
,,,,,,,,,,,,,,,,,,,,,,,,,,,,,,,,,,Vps52,,,,,
,,,,,,,,,,,,,,,,,,,,,,,,,,,,,,,,,,Vsnl1,,,,,
,,,,,,,,,,,,,,,,,,,,,,,,,,,,,,,,,,Vstm5,,,,,
,,,,,,,,,,,,,,,,,,,,,,,,,,,,,,,,,,Vti1a,,,,,
,,,,,,,,,,,,,,,,,,,,,,,,,,,,,,,,,,Vwa7,,,,,
,,,,,,,,,,,,,,,,,,,,,,,,,,,,,,,,,,Wdr26,,,,,
,,,,,,,,,,,,,,,,,,,,,,,,,,,,,,,,,,Wdr75,,,,,
,,,,,,,,,,,,,,,,,,,,,,,,,,,,,,,,,,Wee1,,,,,
,,,,,,,,,,,,,,,,,,,,,,,,,,,,,,,,,,Wfs1,,,,,
,,,,,,,,,,,,,,,,,,,,,,,,,,,,,,,,,,Wipf3,,,,,
,,,,,,,,,,,,,,,,,,,,,,,,,,,,,,,,,,Wwp1,,,,,
,,,,,,,,,,,,,,,,,,,,,,,,,,,,,,,,,,Xylt2,,,,,
,,,,,,,,,,,,,,,,,,,,,,,,,,,,,,,,,,Yars2,,,,,
,,,,,,,,,,,,,,,,,,,,,,,,,,,,,,,,,,Yipf1,,,,,
,,,,,,,,,,,,,,,,,,,,,,,,,,,,,,,,,,Ypel4,,,,,
,,,,,,,,,,,,,,,,,,,,,,,,,,,,,,,,,,Ythdc2,,,,,
,,,,,,,,,,,,,,,,,,,,,,,,,,,,,,,,,,Ythdf1,,,,,
,,,,,,,,,,,,,,,,,,,,,,,,,,,,,,,,,,Ythdf3,,,,,
,,,,,,,,,,,,,,,,,,,,,,,,,,,,,,,,,,Zbtb17,,,,,
,,,,,,,,,,,,,,,,,,,,,,,,,,,,,,,,,,Zcchc2,,,,,
,,,,,,,,,,,,,,,,,,,,,,,,,,,,,,,,,,Zcrb1,,,,,
,,,,,,,,,,,,,,,,,,,,,,,,,,,,,,,,,,Zdhhc1,,,,,
,,,,,,,,,,,,,,,,,,,,,,,,,,,,,,,,,,Zdhhc5,,,,,
,,,,,,,,,,,,,,,,,,,,,,,,,,,,,,,,,,Zfp157,,,,,
,,,,,,,,,,,,,,,,,,,,,,,,,,,,,,,,,,Zfp2,,,,,
,,,,,,,,,,,,,,,,,,,,,,,,,,,,,,,,,,Zfp24,,,,,
,,,,,,,,,,,,,,,,,,,,,,,,,,,,,,,,,,Zfp30,,,,,
,,,,,,,,,,,,,,,,,,,,,,,,,,,,,,,,,,Zfp322a,,,,,
,,,,,,,,,,,,,,,,,,,,,,,,,,,,,,,,,,Zfp354c,,,,,
,,,,,,,,,,,,,,,,,,,,,,,,,,,,,,,,,,Zfp385a,,,,,
,,,,,,,,,,,,,,,,,,,,,,,,,,,,,,,,,,Zfp397,,,,,
,,,,,,,,,,,,,,,,,,,,,,,,,,,,,,,,,,Zfp422,,,,,
,,,,,,,,,,,,,,,,,,,,,,,,,,,,,,,,,,Zfp426,,,,,
,,,,,,,,,,,,,,,,,,,,,,,,,,,,,,,,,,Zfp511,,,,,
,,,,,,,,,,,,,,,,,,,,,,,,,,,,,,,,,,Zfp521,,,,,
,,,,,,,,,,,,,,,,,,,,,,,,,,,,,,,,,,Zfp62,,,,,
,,,,,,,,,,,,,,,,,,,,,,,,,,,,,,,,,,Zfp672,,,,,
,,,,,,,,,,,,,,,,,,,,,,,,,,,,,,,,,,Zfp687,,,,,
,,,,,,,,,,,,,,,,,,,,,,,,,,,,,,,,,,Zfp770,,,,,
,,,,,,,,,,,,,,,,,,,,,,,,,,,,,,,,,,Zfp804a,,,,,
,,,,,,,,,,,,,,,,,,,,,,,,,,,,,,,,,,Zfp930,,,,,
,,,,,,,,,,,,,,,,,,,,,,,,,,,,,,,,,,Zfp958,,,,,
,,,,,,,,,,,,,,,,,,,,,,,,,,,,,,,,,,Zfyve28,,,,,
,,,,,,,,,,,,,,,,,,,,,,,,,,,,,,,,,,Zrsr2,,,,,
,,,,,,,,,,,,,,,,,,,,,,,,,,,,,,,,,,Zscan21,,,,,
,,,,,,,,,,,,,,,,,,,,,,,,,,,,,,,,,,Zyx,,,,,
